sheet,source_row,header_row,article,fabric_name,composition,full_width_cm,usable_width_cm,weight_gsm,moq,qty_raw,qty_min,qty_max,color_tier,currency,price,date_raw,remark
Acundis,5,3,257144,Ariana TM EMB,100% PES/CDP,145-155 cm.,140-150 cm.,30-35 g/m2,"3,000m.",200-599m.,200,599,PFE/PFD,USD,1.80,,
Acundis,5,3,257144,Ariana TM EMB,100% PES/CDP,145-155 cm.,140-150 cm.,30-35 g/m2,"3,000m.",200-599m.,200,599,All_colors,USD,2.50,,
Acundis,6,3,257144,Ariana TM EMB,100% PES/CDP,145-155 cm.,140-150 cm.,30-35 g/m2,"3,000m.","600-1,999m.",600,1999,PFE/PFD,USD,1.55,,
Acundis,6,3,257144,Ariana TM EMB,100% PES/CDP,145-155 cm.,140-150 cm.,30-35 g/m2,"3,000m.","600-1,999m.",600,1999,All_colors,USD,2.15,,
Acundis,7,3,257144,Ariana TM EMB,100% PES/CDP,145-155 cm.,140-150 cm.,30-35 g/m2,"3,000m.","2,000-4,999m.",2000,4999,PFE/PFD,USD,1.47,,
Acundis,7,3,257144,Ariana TM EMB,100% PES/CDP,145-155 cm.,140-150 cm.,30-35 g/m2,"3,000m.","2,000-4,999m.",2000,4999,All_colors,USD,2.05,,
Acundis,8,3,257144,Ariana TM EMB,100% PES/CDP,145-155 cm.,140-150 cm.,30-35 g/m2,"3,000m.","5,000m.+",5000,,PFE/PFD,USD,1.40,,
Acundis,8,3,257144,Ariana TM EMB,100% PES/CDP,145-155 cm.,140-150 cm.,30-35 g/m2,"3,000m.","5,000m.+",5000,,All_colors,USD,1.97,,
Acundis,19,17,255167,Tattoo,100% PA,152 -157 cm.,147-152 cm.,15-20 g/m2,"2,000m.","2,000 m.",2000,,PFE/PFD,USD,1.50,,
Acundis,24,22,255167,TATTOO,100% PA,152 - 157 cm.,147 - 152 cm.,15 - 20 g/m2,"2,000m.","2,000 m.",2000,,PFE/PFD,USD,1.50,05.09.2025,
Acundis,32,30,255028,,,,,,,200-600m.,200,600,All_colors,USD,6.17,,
Acundis,32,30,255028,,,,,,,200-600m.,200,600,All_colors,THB,216.00,,
Acundis,33,30,255028,,,,,,,"601-2,000m.",601,2000,All_colors,USD,5.40,,
Acundis,33,30,255028,,,,,,,"601-2,000m.",601,2000,All_colors,THB,189.00,,
Acundis,34,30,255028,,,,,,,"2,001-5,000m.",2001,5000,All_colors,USD,5.10,,
Acundis,34,30,255028,,,,,,,"2,001-5,000m.",2001,5000,All_colors,THB,179.00,,
Acundis,35,30,255028,,,,,,,PFD,0,,PFE/PFD,USD,4.93,,
Acundis,35,30,255028,,,,,,,PFD,0,,PFE/PFD,THB,136.00,,
Acundis,41,39,255484,Invisible Tulle Bright,100%PA,152 - 162cm,147 - 157 cm,13 - 18g/m2,"3,000m.",200-600m.,200,600,PFE/PFD,USD,2.11,29/02/2024,
Acundis,42,39,255484,Invisible Tulle Bright,100%PA,152 - 162cm,147 - 157 cm,13 - 18g/m2,"3,000m.","601-2,000m.",601,2000,PFE/PFD,USD,1.77,29/02/2024,
Acundis,43,39,255484,Invisible Tulle Bright,100%PA,152 - 162cm,147 - 157 cm,13 - 18g/m2,"3,000m.","2,001-5,000m.",2001,5000,PFE/PFD,USD,1.70,29/02/2024,
Acundis,48,46,255554,PA INVISIBLE ELASTIC,"77% PA, 23% ELASTANE",150 - 160 cm.,145 - 155 cm.,24 - 28 g/m2,"3,000 m",350-600 m,350,600,PFE/PFD,USD,2.30,22/5/2023,
Acundis,48,46,255554,PA INVISIBLE ELASTIC,"77% PA, 23% ELASTANE",150 - 160 cm.,145 - 155 cm.,24 - 28 g/m2,"3,000 m",350-600 m,350,600,All_colors,USD,2.90,22/5/2023,
Acundis,49,46,255554,PA INVISIBLE ELASTIC,Acundis place order AB/15_PFD,150 - 160 cm.,145 - 155 cm.,24 - 28 g/m2,"3,000 m","601-2,000 m",601,2000,PFE/PFD,USD,2.10,22/5/2023,
Acundis,49,46,255554,PA INVISIBLE ELASTIC,Acundis place order AB/15_PFD,150 - 160 cm.,145 - 155 cm.,24 - 28 g/m2,"3,000 m","601-2,000 m",601,2000,All_colors,USD,2.55,22/5/2023,
Acundis,50,46,255554,PA INVISIBLE ELASTIC,"Which differnece composition is 77% PA, 23%EL accoreding to PVH tested.",150 - 160 cm.,145 - 155 cm.,24 - 28 g/m2,"3,000 m","2,001-5,000 m",2001,5000,PFE/PFD,USD,1.95,22/5/2023,
Acundis,50,46,255554,PA INVISIBLE ELASTIC,"Which differnece composition is 77% PA, 23%EL accoreding to PVH tested.",150 - 160 cm.,145 - 155 cm.,24 - 28 g/m2,"3,000 m","2,001-5,000 m",2001,5000,All_colors,USD,2.40,22/5/2023,
Acundis,54,52,255554,PA INVISIBLE ELASTIC,"79% PA, 21% ELASTANE",150 - 160 cm.,145 - 155 cm.,24 - 28 g/m2,"10,000 m.","5,000 m. UP * 2 shipments",5000,,PFE/PFD,USD,1.90,2/19/2026,
Acundis,59,57,254824,ELASTIC TULLE PASCAL,"70% PA, 30% ELASTANE",147 - 152 cm.,142 - 147 cm.,50 - 55 g/m2,"3,000m.",200-600m.,200,600,PFE/PFD,USD,3.17,3/7/2024,
Acundis,60,57,254824,ELASTIC TULLE PASCAL,"70% PA, 30% ELASTANE",147 - 152 cm.,142 - 147 cm.,50 - 55 g/m2,"3,000m.","601-2,000m.",601,2000,PFE/PFD,USD,2.83,3/7/2024,
Acundis,61,57,254824,ELASTIC TULLE PASCAL,"70% PA, 30% ELASTANE",147 - 152 cm.,142 - 147 cm.,50 - 55 g/m2,"3,000m.","2,001-5,000m.",2001,5000,PFE/PFD,USD,2.77,3/7/2024,
Acundis,66,64,254580,,100%PA,150 - 155cm,145 - 150 cm.,30 - 35 g/m2,"3,000 m.",200-599 m.,200,599,PFE/PFD,USD,1.70,3/6/2026,
Acundis,67,64,254580,,100%PA,150 - 155cm,145 - 150 cm.,30 - 35 g/m2,"3,000 m.","600-1,999 m.",600,1999,PFE/PFD,USD,1.35,3/6/2026,
Acundis,68,64,254580,,100%PA,150 - 155cm,145 - 150 cm.,30 - 35 g/m2,"3,000 m.","2,000-5,000 m.",2000,5000,PFE/PFD,USD,1.20,3/6/2026,
Acundis,77,74,W7LF001-1A/14,,100% PES,155-165,150-160,25-30,"3,000",200-599,200,599,PFE/PFD,USD,2.65,21/11/2024,
Acundis,77,74,W7LF001-1A/14,,100% PES,155-165,150-160,25-30,"3,000",200-599,200,599,All_colors,USD,3.95,21/11/2024,
Acundis,78,74,W7LF001-1A/14,,100% PES,155-165,150-160,25-30,"3,000",600-1999,600,1999,PFE/PFD,USD,2.10,21/11/2024,
Acundis,78,74,W7LF001-1A/14,,100% PES,155-165,150-160,25-30,"3,000",600-1999,600,1999,All_colors,USD,3.15,21/11/2024,
Acundis,79,74,W7LF001-1A/14,,100% PES,155-165,150-160,25-30,"3,000",2000-4999,2000,4999,PFE/PFD,USD,2.00,21/11/2024,
Acundis,79,74,W7LF001-1A/14,,100% PES,155-165,150-160,25-30,"3,000",2000-4999,2000,4999,All_colors,USD,3.00,21/11/2024,
Acundis,87,84,257373AA/11,,"79% Pre-consumer Recycled Polyamide, 21% Elastane",155-165,150-160,28-32,"3,000",300-600,300,600,PFE/PFD,USD,2.40,20/10/2024,K.Sivy's Line : add 10 cents/step from 255554
Acundis,87,84,257373AA/11,,"79% Pre-consumer Recycled Polyamide, 21% Elastane",155-165,150-160,28-32,"3,000",300-600,300,600,All_colors,USD,3.00,20/10/2024,K.Sivy's Line : add 10 cents/step from 255554
Acundis,88,84,257373AA/11,,Recycled version of Invisible 255554 (Develop Recycled version for ETAM),155-165,150-160,28-32,"3,000",601-2000,601,2000,PFE/PFD,USD,2.20,20/10/2024,
Acundis,88,84,257373AA/11,,Recycled version of Invisible 255554 (Develop Recycled version for ETAM),155-165,150-160,28-32,"3,000",601-2000,601,2000,All_colors,USD,2.65,20/10/2024,
Acundis,89,84,257373AA/11,,Recycled version of Invisible 255554 (Develop Recycled version for ETAM),155-165,150-160,28-32,"3,000",2001-5000,2001,5000,PFE/PFD,USD,2.05,20/10/2024,
Acundis,89,84,257373AA/11,,Recycled version of Invisible 255554 (Develop Recycled version for ETAM),155-165,150-160,28-32,"3,000",2001-5000,2001,5000,All_colors,USD,2.50,20/10/2024,
Acundis,90,84,257200,,100% PA,160-170,155-165,14-19,"3,000",200-600,200,600,PFE/PFD,USD,2.26,22/10/2024,K.Sivy's Line : add 15 cents/step from 255484
Acundis,91,84,257200,,100% PA,160-170,155-165,14-19,"3,000",601 - 2000,601,2000,PFE/PFD,USD,1.92,22/10/2024,
Acundis,92,84,257200,,100% PA,160-170,155-165,14-19,"3,000",2001 - 5000,2001,5000,PFE/PFD,USD,1.85,22/10/2024,
Acundis,93,84,257202AA/42,,100% PA,167-178,163-174,32 - 36,"3,000",350-600,350,600,PFE/PFD,USD,1.78,18/11/2024,
Acundis,93,84,257202AA/42,,100% PA,167-178,163-174,32 - 36,"3,000",350-600,350,600,All_colors,USD,2.35,18/11/2024,
Acundis,94,84,257202AA/42,,100% PA,167-178,163-174,32 - 36,"3,000",601-2000,601,2000,PFE/PFD,USD,1.42,18/11/2024,
Acundis,94,84,257202AA/42,,100% PA,167-178,163-174,32 - 36,"3,000",601-2000,601,2000,All_colors,USD,1.89,18/11/2024,
Acundis,95,84,257202AA/42,,100% PA,167-178,163-174,32 - 36,"3,000",2001-5000,2001,5000,PFE/PFD,USD,1.35,18/11/2024,
Acundis,95,84,257202AA/42,,100% PA,167-178,163-174,32 - 36,"3,000",2001-5000,2001,5000,All_colors,USD,1.80,18/11/2024,
Acundis,96,84,257206AA/14,,100% PA,145-155,140-150,38-42,"3,000",200-599,200,599,PFE/PFD,USD,2.65,21/11/2024,
Acundis,96,84,257206AA/14,,100% PA,145-155,140-150,38-42,"3,000",200-599,200,599,All_colors,USD,3.95,21/11/2024,
Acundis,97,84,257206AA/14,,100% PA,145-155,140-150,38-42,"3,000",600-1999,600,1999,PFE/PFD,USD,2.10,21/11/2024,
Acundis,97,84,257206AA/14,,100% PA,145-155,140-150,38-42,"3,000",600-1999,600,1999,All_colors,USD,3.15,21/11/2024,
Acundis,98,84,257206AA/14,,100% PA,145-155,140-150,38-42,"3,000",2000-4999,2000,4999,PFE/PFD,USD,2.00,21/11/2024,
Acundis,98,84,257206AA/14,,100% PA,145-155,140-150,38-42,"3,000",2000-4999,2000,4999,All_colors,USD,3.00,21/11/2024,
Acundis,99,84,W7LF001-1A/14,,100% PES,155-165,150-160,25-30,"3,000",200-599,200,599,PFE/PFD,USD,2.65,21/11/2024,Wider width than 257206
Acundis,99,84,W7LF001-1A/14,,100% PES,155-165,150-160,25-30,"3,000",200-599,200,599,All_colors,USD,3.95,21/11/2024,Wider width than 257206
Acundis,100,84,W7LF001-1A/14,,(VERSION PES OF 257206),155-165,150-160,25-30,"3,000",600-1999,600,1999,PFE/PFD,USD,2.10,21/11/2024,"Smaller yarn than PA, output less bcs cannot speed but look it's lighter and thin, can be emb piece dye (pes 30/6 yarn price higher as it's suitable for emb)"
Acundis,100,84,W7LF001-1A/14,,(VERSION PES OF 257206),155-165,150-160,25-30,"3,000",600-1999,600,1999,All_colors,USD,3.15,21/11/2024,"Smaller yarn than PA, output less bcs cannot speed but look it's lighter and thin, can be emb piece dye (pes 30/6 yarn price higher as it's suitable for emb)"
Acundis,101,84,W7LF001-1A/14,,(VERSION PES OF 257206),155-165,150-160,25-30,"3,000",2000-4999,2000,4999,PFE/PFD,USD,2.00,21/11/2024,
Acundis,101,84,W7LF001-1A/14,,(VERSION PES OF 257206),155-165,150-160,25-30,"3,000",2000-4999,2000,4999,All_colors,USD,3.00,21/11/2024,
Acundis,102,84,W7LF001-1A/14,,"93% PA, 7% PU",155,150-160,78,"3,000",,3000,,PFE/PFD,USD,1.95,9/1/2025,Only informed khun Peter to show customer at fair
Acundis,105,84,255572AA,,"93% PA, 7% PU",200,150-160,60,"3,000",,3000,,PFE/PFD,USD,2.85,9/1/2025,Only informed khun Peter to show customer at fair
Acundis,107,84,257247,Invisible Tulle Bright,100% PA Recycled,155-165 cm.,150-160 cm.,12-16 g/m2,"3,000 m.",600 m.,600,,PFE/PFD,USD,2.21,15/7/2025,Same Chief you (add 10 cent from 255484)
Acundis,108,84,257247,Invisible Tulle Bright,100% PA Recycled,155-165 cm.,150-160 cm.,12-16 g/m2,"3,000 m.","601-2,000 m.",601,2000,PFE/PFD,USD,1.87,15/7/2025,
Acundis,109,84,257247,Invisible Tulle Bright,100% PA Recycled,155-165 cm.,150-160 cm.,12-16 g/m2,"3,000 m.","2,001-5,000 m.",2001,5000,PFE/PFD,USD,1.80,15/7/2025,
Acundis,111,84,255730,Recycled PES Tulle,100% PES Recycled,155-165 cm.,150-160 cm,30-35 g/m2,"3,000 m.",600 m.,600,,PFE/PFD,USD,1.75,15/7/2025,
Acundis,112,84,255730,Recycled PES Tulle,100% PES Recycled,155-165 cm.,150-160 cm,30-35 g/m2,"3,000 m.","601-2,000 m.",601,2000,PFE/PFD,USD,1.50,15/7/2025,
Acundis,113,84,255730,Recycled PES Tulle,100% PES Recycled,155-165 cm.,150-160 cm,30-35 g/m2,"3,000 m.","2,001-5,000 m.",2001,5000,PFE/PFD,USD,1.35,15/7/2025,
Acundis,115,84,254763,Recycled PES Tulle,"84% PA, 16% Elastance",150-155 cm.,145-150 cm.,40-45 g/m2,"3,000 m.","1,000 m.",1000,,PFE/PFD,USD,3.20,25/7/2025,Color $3.80/m for Stock only
Acundis,115,84,254763,Recycled PES Tulle,"84% PA, 16% Elastance",150-155 cm.,145-150 cm.,40-45 g/m2,"3,000 m.","1,000 m.",1000,,All_colors,USD,3.80,25/7/2025,Color $3.80/m for Stock only
Acundis,116,84,254763,Recycled PES Tulle,"84% PA, 16% Elastance",150-155 cm.,145-150 cm.,40-45 g/m2,"3,000 m.","3,000 m.",3000,,PFE/PFD,USD,2.90,25/7/2025,
Acundis,117,84,254763,Recycled PES Tulle,"84% PA, 16% Elastance",150-155 cm.,145-150 cm.,40-45 g/m2,"3,000 m.","5,000 m.",5000,,PFE/PFD,USD,2.65,25/7/2025,
Acundis,119,84,254740,Recycled PES Tulle,100% PES,153-158 cm.,148-153 cm.,30-35 g/m2,"3,000 m.","1,000 m.",1000,,PFE/PFD,USD,2.50,25/7/2025,
Acundis,120,84,254740,Recycled PES Tulle,100% PES,153-158 cm.,148-153 cm.,30-35 g/m2,"3,000 m.","2,000 m.",2000,,PFE/PFD,USD,2.25,25/7/2025,
Acundis,121,84,254740,Recycled PES Tulle,100% PES,153-158 cm.,148-153 cm.,30-35 g/m2,"3,000 m.","5,000 m.",5000,,PFE/PFD,USD,2.05,25/7/2025,
