"customer_excel","rows","rank","score","customer_id","custcd","customer_name","matched_via","ctry","city","bill_to","so_orders","last_so","geo","verdict"
"CENTER","1988","1","86","655","1154","Hirdaramani Knit Center of Operations","Hirdaramani Knit Center of Operations","SL","","Y","2","2023-09-19","","NOT_A_CUSTOMER"
"CENTER","1988","2","86","27","026","Yuen Long Trading Center (YLTC)","Yuen Long Trading Center (YLTC)","HK","","Y","0","","","NOT_A_CUSTOMER"
"CENTER","1988","3","60","156","749","Chantasia Co.,Ltd. (Head Office)","Chantasia Co.,Ltd. (Head Office)","TH","","Y","1732","2026-09-04","","NOT_A_CUSTOMER"
"CENTER PRICE THB","1118","1","30.8","9","008","R&D Customer","R&D Customer","TH","","Y","1404","2026-09-07","","NOT_A_CUSTOMER"
"CENTER PRICE THB","1118","2","32.4","609","1112","Thai Takeda Lace Co.,Ltd","Thai Takeda Lace Co.,Ltd","TH","Kabinburi","Y","1","2022-10-05","","NOT_A_CUSTOMER"
"CENTER PRICE THB","1118","3","28.8","123","122","SCHWENINGER TEXTIL GmbH","SCHWENINGER TEXTIL GmbH","AT","","Y","2951","2026-09-03","","NOT_A_CUSTOMER"
"ANITA_Thailand & Germany ","195","1","82.3","173","766","Anita (Thailand) Co.,Ltd. (Head Office)","Anita (Thailand) Co.,Ltd. (Head Office)","TH","","Y","693","2026-09-04","ctry+","REVIEW"
"ANITA_Thailand & Germany ","195","2","75.7","168","761","Anita Dr.Helbig GmbH","Anita Dr.Helbig GmbH","GY","","Y","840","2026-08-29","ctry+",""
"ANITA_Thailand & Germany ","195","3","75.7","231","824","ANITA Service GmbH","ANITA Service GmbH","GY","","Y","55","2026-07-27","ctry+",""
"Hop Lun (PH Garment)","179","1","70","277","867","Hop Lun International Fashion Limited.","Hop Lun International Fashion Limited.","HK","","Y","466","2026-09-05","","REVIEW"
"Hop Lun (PH Garment)","179","2","70","537","1046","HOP LUN INTERNATIONAL FASHION LIMITED.","HOP LUN INTERNATIONAL FASHION LIMITED.","HK","","Y","32","2026-08-27","",""
"Hop Lun (PH Garment)","179","3","70","675","1171","HOP LUN INTERNATIONAL FASHION LIMITED","HOP LUN INTERNATIONAL FASHION LIMITED","HK","Kowloon","Y","10","2026-03-30","",""
"Hop Lun","177","1","97","724","1217","Hop Lun Company","Hop Lun Company","HK","Kowloon","Y","1","2024-07-26","","AUTO"
"Hop Lun","177","2","90.7","720","1213","PT. HOP LUN INDONESIA","PT. HOP LUN INDONESIA","IA","SEMARANG","N","0","","",""
"Hop Lun","177","3","89","277","867","Hop Lun International Fashion Limited.","Hop Lun International Fashion Limited.","HK","","Y","466","2026-09-05","",""
"Ausco","103","1","89","665","1163","AUSCO TRADING CO.","AUSCO TRADING CO.","KR","Seoul","Y","9","2026-07-13","","LIKELY"
"Ausco","103","2","60","222","815","AGAPE","AGAPE","MO","","Y","49","2026-08-12","",""
"Ausco","103","3","60","686","1181","Acundis Ag","Acundis Ag","SW","","Y","36","2026-07-24","",""
"Agent Provocateur","66","1","100","106","105","Agent Provocateur","Agent Provocateur","UK","","Y","74","2025-06-25","","AUTO"
"Agent Provocateur","66","2","100","568","1077","AGENT PROVOCATEUR","AGENT PROVOCATEUR","UK","London","Y","31","2026-08-06","",""
"Agent Provocateur","66","3","30.5","151","744","Rovitex Asia Ltd.","Rovitex Asia Ltd.","TH","","Y","238","2022-02-16","",""
"ETAM","55","1","89","748","1238","ETAM Lingerie","ETAM Lingerie","FR","Clichy","Y","4","2025-03-18","","LIKELY"
"ETAM","55","2","86.5","512","1025","Etam International Sourcing Asia Limited","Etam International Sourcing Asia Limited","HK","","Y","3","2025-06-30","",""
"ETAM","55","3","60","208","801","Eastside Holdings Limited","Eastside Holdings Limited","HK","","Y","10","2018-04-03","",""
"PL Recycle fabric 11 Nov 2022","46","1","29","288","878","Mitchel Fabric Co., Ltd.","Mitchel Fabric Co., Ltd.","TH","","Y","1","2017-11-30","","NOT_A_CUSTOMER"
"PL Recycle fabric 11 Nov 2022","46","2","24.7","14","013","sample","sample","TH","","Y","1036","2026-09-01","","NOT_A_CUSTOMER"
"PL Recycle fabric 11 Nov 2022","46","3","22.6","187","780","Gamma Textile MFG Ltd. (Branch 00002)","Gamma Textile MFG Ltd. (Branch 00002)","TH","","Y","936","2026-09-05","","NOT_A_CUSTOMER"
"Union","45","1","97","237","827","UNION AG","UNION AG","SW","","Y","6","2025-07-29","","AUTO"
"Union","45","2","87.3","432","988","Qingdao Union Embroidery Co.,Ltd.","Qingdao Union Embroidery Co.,Ltd.","CH","","Y","69","2026-07-23","",""
"Union","45","3","87.3","48","047","Qingdao Union Lace Co., Ltd.","Qingdao Union Lace Co., Ltd.","CH","","Y","58","2019-04-30","",""
"Libertytex","40","1","67.3","217","810","Liberty Tex Co.,Ltd.","Liberty Tex Co.,Ltd.","TW","","Y","12","2026-04-24","","WEAK"
"Libertytex","40","2","60","12","011","L&A Lingerie Ltd.","L&A Lingerie Ltd.","HK","","Y","15","2026-06-23","",""
"Libertytex","40","3","60","508","1022","Lintas Co., Ltd.","Lintas Co., Ltd.","HK","Kowloon","Y","5","2024-04-24","",""
"Inter-Spitzen","31","1","97","82","081","Inter Spitzen AG","Inter Spitzen AG","SW","","Y","99","2026-06-07","","AUTO"
"Inter-Spitzen","31","2","97","92","091","Inter-Spitzen S.R.L.","Inter-Spitzen SRL","RN","","Y","50","2026-07-21","",""
"Inter-Spitzen","31","3","97","83","082","Inter  Spitzen  AG","Inter  Spitzen  AG","GY","","Y","2","2024-03-15","",""
"AGAPE","30","1","100","222","815","AGAPE","AGAPE","MO","","Y","49","2026-08-12","","AUTO"
"AGAPE","30","2","100","595","1099","AGAPE","AGAPE","MO","","Y","1","2022-10-27","",""
"AGAPE","30","3","60","686","1181","Acundis Ag","Acundis Ag","SW","","Y","36","2026-07-24","",""
"Acundis","28","1","97","686","1181","Acundis Ag","Acundis Ag","SW","","Y","36","2026-07-24","","AUTO"
"Acundis","28","2","97","139","138","Acundis Ltd.","Acundis Ltd.","SW","","Y","3","2021-05-05","",""
"Acundis","28","3","87.3","687","1182","Acundis Textile (Qingdao) Co., Ltd.","Acundis Textile (Qingdao) Co., Ltd.","CH","","Y","4","2025-08-06","",""
"Savage","26","1","87.3","346","936","SAVAGE X FENTY","SAVAGE X FENTY","US","","Y","17","2023-10-11","","LIKELY"
"Savage","26","2","60","14","013","sample","sample","TH","","Y","1036","2026-09-01","",""
"Savage","26","3","60","176","769","stock","stock","TH","","Y","712","2026-06-17","",""
"Prima Lace","26","1","97","51","050","Prima Lace Co., Ltd. (Head Office)","Prima Lace Co., Ltd. (Head Office)","TH","","Y","40","2026-07-07","","AUTO"
"Prima Lace","26","2","44.4","361","944","Ray Lace","Ray Lace","CH","-","Y","1","2018-09-28","",""
"Prima Lace","26","3","37","15","014","Thai Lace Manufacturing Co.,Ltd. (Head office)","Thai Lace Manufacturing Co.,Ltd. (Head office)","TH","","Y","46","2024-09-07","",""
"Chief You","23","1","97","289","879","Chief You Corp","Chief You Corp","TW","","Y","51","2026-07-31","","AUTO"
"Chief You","23","2","97","683","1178","CHIEF YOU CORPORATION","CHIEF YOU CORPORATION","TW","TAINAN CITY","Y","3","2026-01-07","",""
"Chief You","23","3","27.8","112","111","Groupe chantelle","Groupe chantelle","FR","","Y","1","2015-08-26","",""
"P.B.S.E","22","1","100","170","763","P.B.S.E","P.B.S.E","FR","","Y","134","2026-08-03","","AUTO"
"P.B.S.E","22","2","65","7","006","P.H. Garment Mfg.Co.,Ltd.","P.H. Garment Mfg.Co.,Ltd.","HK","","Y","650","2024-07-17","",""
"P.B.S.E","22","3","65","730","1223","P.H. Garment Mfg.Co.,Ltd.","P.H. Garment Mfg.Co.,Ltd.","HK","Kowloon","Y","11","2024-08-29","",""
"Hanes Global","21","1","88","247","837","HANES GLOBAL SUPPLY CHAIN PHILIPPINES, INC.","HANES GLOBAL SUPPLY CHAIN PHILIPPINES, INC.","PH","","Y","141","2020-09-04","","LIKELY"
"Hanes Global","21","2","70","425","981","Hanes France SAS","Hanes France SAS","FR","","Y","26","2021-06-10","",""
"Hanes Global","21","3","65","517","1029","PT HANES SUPPLY CHAIN INDONESIA","PT HANES SUPPLY CHAIN INDONESIA","IA","","Y","113","2023-03-23","",""
"Obsidian","18","1","89","95","094","Obsidian HK Limited","Obsidian HK Limited","HK","","Y","26","2025-03-31","","LIKELY"
"Obsidian","18","2","60","715","1210","Ossidiana SARL","Ossidiana SARL","FR","Lyon","Y","1","2024-06-26","",""
"Obsidian","18","3","60","716","1211","OSSIDIANA SARL","OSSIDIANA SARL","FR","Lyon","N","0","","",""
"Infinity Asia","18","1","97","779","1268","Infinity Asia Group Ltd","Infinity Asia Group Ltd","HK","","Y","1","2025-07-26","","AUTO"
"Infinity Asia","18","2","37","54","053","Intimate Fashion Co.,Ltd","Intimate Fashion Co.,Ltd","TH","","Y","17","2019-05-23","",""
"Infinity Asia","18","3","32.3","156","749","Chantasia Co.,Ltd. (Head Office)","Chantasia","TH","","Y","1732","2026-09-04","",""
"Liberty Vietnam","15","1","79","550","1059","LIBERTY LACE CO., LTD.","LIBERTY LACE CO., LTD.","VN","Dong Nai","Y","1","2021-05-10","ctry+","REVIEW"
"Liberty Vietnam","15","2","63","217","810","Liberty Tex Co.,Ltd.","Liberty Tex Co.,Ltd.","TW","","Y","12","2026-04-24","ctry-",""
"Liberty Vietnam","15","3","47.9","522","1034","Hanesbrands Vietnam Co., Ltd.","Hanesbrands Vietnam Co., Ltd.","VN","","Y","83","2023-03-23","ctry+",""
"Cerie ","15","1","89","298","888","Cerie International Limited.","Cerie International Limited.","HK","N.T.","Y","20","2026-09-01","","LIKELY"
"Cerie ","15","2","60","156","749","Chantasia Co.,Ltd. (Head Office)","Chantasia Co.,Ltd. (Head Office)","TH","","Y","1732","2026-09-04","",""
"Cerie ","15","3","60","147","146","Chantelle","Chantelle","FR","","Y","26","2025-02-15","",""
"GLAMORISE","14","1","89","24","023","Glamorise Foundations Inc.","Glamorise Foundations Inc.","US","","Y","415","2026-09-02","","LIKELY"
"GLAMORISE","14","2","60","93","092","Gamma Industries Co.,Ltd. (Head Office)","Gamma Industries Co.,Ltd. (Head Office)","TH","","Y","283","2026-09-05","",""
"GLAMORISE","14","3","60","633","1132","UNIVERSAL LINGERIE SOURCING LTD","garment","HK","","Y","11","2026-05-01","",""
"Impact Auto","14","1","66.7","643","1142","Impact Automotive Product Co., Ltd.","Impact Automotive Product Co., Ltd.","TH","","Y","11","2025-03-18","","WEAK"
"Impact Auto","14","2","26.9","429","985","INTIMA (PVT) LTD.","INTIMA (PVT) LTD.","SL","","Y","1","2019-06-12","",""
"Impact Auto","14","3","20.2","176","769","stock","stock","TH","","Y","712","2026-06-17","",""
"Manufacture","12","1","86","163","756","Manufacture de Confection du Sud","Manufacture de Confection du Sud","TS","","Y","29","2023-05-08","","LIKELY"
"Manufacture","12","2","60","183","776","Mastex Co.,Ltd. (Head Office)","Mastex Co.,Ltd. (Head Office)","TH","","Y","382","2026-07-23","",""
"Manufacture","12","3","60","4","003","Mizorogi&Co.,Ltd.","Mizorogi&Co.,Ltd.","JP","","Y","15","2019-09-12","",""
"ROYAL U","11","1","66.7","3","002","Royal Universal Lace Co.,Ltd. (Head Office)","Royal Universal Lace Co.,Ltd. (Head Office)","TH","","Y","115","2026-07-20","","WEAK"
"ROYAL U","11","2","31.7","316","906","ROMA","ROMA","IR","","Y","1","2018-03-23","",""
"ROYAL U","11","3","28.5","557","1066","UNISON GLOBAL LIMITED","UNISON GLOBAL LIMITED","HK","","Y","2","2021-07-12","",""
"Quadrille Nishida","9","1","97","227","820","Quadrille Nishida Co.Ltd.","Quadrille Nishida Co.Ltd.","JP","","Y","4","2020-08-26","","AUTO"
"Quadrille Nishida","9","2","66.7","204","797","QUADRILLE VIET NAM CO. LTD","QUADRILLE VIET NAM CO. LTD","VN","","Y","1","2016-09-14","",""
"Quadrille Nishida","9","3","66.7","249","839","QUADRILLE VIET NAM CO.LTD","QUADRILLE VIET NAM CO.LTD","VN","","Y","0","","",""
"Shenzhen Fidele Garments ","9","1","97","767","1257","Shenzhen Fidele Garments Co. Ltd","Shenzhen Fidele Garments Co. Ltd","CH","ShenZhen","Y","1","2025-05-12","","AUTO"
"Shenzhen Fidele Garments ","9","2","65","593","1097","SHENZHEN CHINA SILK ENTERPRISE LIMITED","SHENZHEN CHINA SILK ENTERPRISE LIMITED","CH","Shenzhen","Y","2","2026-07-23","",""
"Shenzhen Fidele Garments ","9","3","65","594","1098","SHENZHEN CHINA SILK ENTERPRISE LTD.","SHENZHEN CHINA SILK ENTERPRISE LTD.","CH","GUANGDONG","Y","0","","",""
"Aronne Faccio","9","1","90.7","166","759","Aronne Faccio China","Aronne Faccio China","CH","","Y","30","2024-05-27","","LIKELY"
"Aronne Faccio","9","2","28.5","425","981","Hanes France SAS","Hanes France SAS","FR","","Y","26","2021-06-10","",""
"Aronne Faccio","9","3","28.5","16","015","Wacoal Europe","Wacoal Europe","UK","","Y","12","2026-08-19","",""
"ZHOUNGSHAN (ETAM)","9","1","37","367","949","ZHONGSHAN MINGLI GARMENT COMPANY LIMITED","ZHONGSHAN MINGLI GARMENT COMPANY LIMITED","CH","GUANGDONG","Y","0","","","WEAK"
"ZHOUNGSHAN (ETAM)","9","2","35.4","728","1221","ZHONGSHAN VIGOR GARMENT CO.,LTD","ZHONGSHAN VIGOR GARMENT CO.,LTD","CH","","N","0","","",""
"ZHOUNGSHAN (ETAM)","9","3","34.5","748","1238","ETAM Lingerie","ETAM Lingerie","FR","Clichy","Y","4","2025-03-18","",""
"Bodywear","7","1","97","160","753","Bodywear Co.,Ltd.","Bodywear Co.,Ltd.","TH","","Y","26","2020-01-31","","AUTO"
"Bodywear","7","2","60","303","893","BODYLINE (PVT) LTD","BODYLINE (PVT) LTD","SL","","Y","34","2021-02-24","",""
"Bodywear","7","3","60","86","085","Bodyline","Bodyline","SL","","Y","2","2015-12-09","",""
"Itochu-Triumph","7","1","70","238","828","Itochu Corporation TOKLS Branch office","Itochu Corporation TOKLS Branch office","JP","Tokyo","Y","52","2026-04-28","","REVIEW"
"Itochu-Triumph","7","2","47.6","99","098","Triumph HK","Triumph HK","HK","","Y","16","2018-02-28","",""
"Itochu-Triumph","7","3","41.1","307","897","Triumph Intertrade AG","Triumph Intertrade AG","SW","","Y","5","2020-07-10","",""
"Triumph art. 255484AA.11","6","1","70","99","098","Triumph HK","Triumph HK","HK","","Y","16","2018-02-28","","REVIEW"
"Triumph art. 255484AA.11","6","2","70","356","942","Triumph International GmbH","Triumph International GmbH","GY","","Y","7","2024-05-24","",""
"Triumph art. 255484AA.11","6","3","70","307","897","Triumph Intertrade AG","Triumph Intertrade AG","SW","","Y","5","2020-07-10","",""
"Kamcaine","6","1","89","699","1194","Dongguan Kamcaine Manufacturing Co., Ltd.","Dongguan Kamcaine Manufacturing Co., Ltd.","CH","Dongguan","N","6","2026-01-07","","LIKELY"
"Kamcaine","6","2","60","239","829","K. Noah (Asia) Company Limited","K. Noah (Asia) Company Limited","TH","","Y","23","2019-10-29","",""
"Kamcaine","6","3","60","775","1264","K.S. PERFECTION INDUSTRIES CO.,LTD. (HEAD OFFICE)","K.S. PERFECTION INDUSTRIES CO.,LTD. (HEAD OFFICE)","TH","","Y","2","2025-06-17","",""
"Ateliers","6","1","89","417","976","ATELIERS ISA","ATELIERS ISA","TS","","Y","7","2026-07-23","","LIKELY"
"Ateliers","6","2","89","470","1001","Ateliers ISA","Ateliers ISA","TS","","Y","1","2020-11-05","",""
"Ateliers","6","3","87.3","644","1143","Les Ateliers Isa","Les Ateliers Isa","TS","","Y","1","2023-03-13","",""
"Wacoal America","6","1","63","16","015","Wacoal Europe","Wacoal Europe","UK","","Y","12","2026-08-19","ctry-","WEAK"
"Wacoal America","6","2","63","28","027","Wacoal Timex Pvt.Ltd.","Wacoal Timex Pvt.Ltd.","SL","","Y","2","2015-02-16","ctry-",""
"Wacoal America","6","3","63","694","1189","Wacoal Europe","Wacoal Europe","UK","","Y","1","2024-05-30","ctry-",""
"Rouge Gorge","6","1","63.6","727","1220","ROUGEGORGE","ROUGEGORGE","FR","","Y","8","2025-04-09","","WEAK"
"Rouge Gorge","6","2","37","274","864","Forster Rohner AG","Forster Rohner AG","SW","","Y","4","2018-06-30","",""
"Rouge Gorge","6","3","30.8","407","970","Pointe Russe Ltd. (Head Office)","Pointe Russe Ltd. (Head Office)","TH","","Y","9","2020-06-09","",""
"BIGA Roja","6","1","32.9","765","1255","Bra Pro Limited","Bra Pro Limited","HK","","Y","11","2026-02-24","","WEAK"
"BIGA Roja","6","2","27.8","587","1092","Biggame Teamwear Co.,Ltd. (Branch 00001)","BIGGAME TEAMWEAR CO, LTD","TH","Nakornprathom","Y","54","2026-06-23","",""
"BIGA Roja","6","3","29.6","562","1071","BELLA TELA Ltd.","BELLA TELA Ltd.","UK","Somerset","Y","5","2026-08-12","",""
"LIVY (ETAM)","6","1","39.8","748","1238","ETAM Lingerie","ETAM Lingerie","FR","Clichy","Y","4","2025-03-18","","WEAK"
"LIVY (ETAM)","6","2","36","764","1254","LIVY","LIVY","HK","Sheung Wan","Y","1","2025-05-10","",""
"LIVY (ETAM)","6","3","30.8","124","123","Lise Charmel","Lise Charmel","FR","","Y","5","2017-11-28","",""
"special price for EMB customer","5","1","60","208","801","Eastside Holdings Limited","Eastside Holdings Limited","HK","","Y","10","2018-04-03","","NOT_A_CUSTOMER"
"special price for EMB customer","5","2","60","551","1060","EASTERNPROFIT LTD.","EASTERNPROFIT LTD.","CH","Guangzhou","Y","1","2021-05-05","","NOT_A_CUSTOMER"
"special price for EMB customer","5","3","28","9","008","R&D Customer","R&D Customer","TH","","Y","1404","2026-09-07","","NOT_A_CUSTOMER"
"Triumph art. 254746","4","1","87.3","172","765","Triumph International (Vietnam) Ltd.","Triumph International (Vietnam) Ltd.","VN","","Y","529","2026-07-02","","LIKELY"
"Triumph art. 254746","4","2","87.3","164","757","Triumph International (India) Pvt Ltd.","Triumph International (India) Pvt Ltd.","IN","","Y","188","2025-12-12","",""
"Triumph art. 254746","4","3","86.5","193","786","Triumph International Services (APAC) Limited.","Triumph International Services (APAC) Limited.","HK","","Y","51","2025-01-10","",""
"Triumph 254804","4","1","87.3","172","765","Triumph International (Vietnam) Ltd.","Triumph International (Vietnam) Ltd.","VN","","Y","529","2026-07-02","","LIKELY"
"Triumph 254804","4","2","87.3","164","757","Triumph International (India) Pvt Ltd.","Triumph International (India) Pvt Ltd.","IN","","Y","188","2025-12-12","",""
"Triumph 254804","4","3","86.5","193","786","Triumph International Services (APAC) Limited.","Triumph International Services (APAC) Limited.","HK","","Y","51","2025-01-10","",""
"Delta Bogart","4","1","90.7","474","1002","Delta Bogart Lingerie Ltd.","Delta Bogart Lingerie Ltd.","HK","","Y","152","2025-09-15","","LIKELY"
"Delta Bogart","4","2","66.7","789","1275","DELTA GALIL INTERNATIONAL LIMITED","DELTA GALIL INTERNATIONAL LIMITED","HK","KOWLOON","Y","54","2026-09-07","",""
"Delta Bogart","4","3","39.5","310","900","Bogart Lingerie Ltd.","Bogart Lingerie Ltd.","HK","","Y","29","2024-07-25","",""
"PT Indonesia Wacoal ","4","1","100","171","764","PT. INDONESIA WACOAL","PT. INDONESIA WACOAL","IA","","Y","119","2026-09-03","ctry+","AUTO"
"PT Indonesia Wacoal ","4","2","99.7","52","051","PT.Indonesia Wacoal -REP.Office","PT.Indonesia Wacoal -REP.Office","IA","","Y","4","2018-07-26","ctry+",""
"PT Indonesia Wacoal ","4","3","62.4","30","029","PT. Kewalram Indonesia","PT. Kewalram Indonesia","IA","","Y","80","2026-08-07","ctry+",""
"Chi Shing","3","1","90.7","5","004","Chi Shing Apparel Company Ltd.","Chi Shing Apparel Company Ltd.","HK","","Y","30","2024-07-11","","LIKELY"
"Chi Shing","3","2","90.7","726","1219","CHI SHING APPAREL COMPANY LIMITED","CHI SHING APPAREL COMPANY LIMITED","HK","KOWLOON","Y","1","2024-07-31","",""
"Chi Shing","3","3","37","735","1228","High Fashion (China) Co,Ltd","High Fashion (China) Co,Ltd","CH","Zhejiang","Y","2","2025-01-06","",""
"PT Busanaremaja ","3","1","98","468","1000","PT. BUSANAREMAJA AGRACIPTA","PT. BUSANAREMAJA AGRACIPTA","IA","","Y","31","2025-12-23","ctry+","AUTO"
"PT Busanaremaja ","3","2","98","660","1159","PT. Busanaremaja Agracipta","PT. Busanaremaja Agracipta","IA","","Y","7","2025-01-18","ctry+",""
"PT Busanaremaja ","3","3","98","753","1243","PT. BUSANAREMAJA AGRACIPTA","PT. BUSANAREMAJA AGRACIPTA","IA","TANGERANG","Y","5","2025-12-24","ctry+",""
"K.S. (Samy)","3","1","73.3","775","1264","K.S. PERFECTION INDUSTRIES CO.,LTD. (HEAD OFFICE)","K.S. PERFECTION INDUSTRIES CO.,LTD. (HEAD OFFICE)","TH","","Y","2","2025-06-17","","REVIEW"
"K.S. (Samy)","3","2","66.7","239","829","K. Noah (Asia) Company Limited","K. Noah (Asia) Company Limited","TH","","Y","23","2019-10-29","",""
"K.S. (Samy)","3","3","60","265","855","KCS Co.,Ltd.","KCS Co.,Ltd.","JP","","Y","1","2017-09-05","",""
"Scavi","3","1","89","175","768","SCAVI HUE COMPANY","SCAVI HUE COMPANY","VN","","Y","98","2023-07-27","","LIKELY"
"Scavi","3","2","87.3","670","1167","SCAVI QUANG DIEN LIMITED COMPANY","SCAVI QUANG DIEN LIMITED COMPANY","VN","","Y","6","2025-01-08","",""
"Scavi","3","3","87.3","778","1267","SCAVI QUANG DIEN LIMITED COMPANY","SCAVI QUANG DIEN LIMITED COMPANY","VN","HUE","Y","6","2026-07-14","",""
"Biggame & MIIT","2","1","70","587","1092","Biggame Teamwear Co.,Ltd. (Branch 00001)","BIGGAME TEAMWEAR CO, LTD","TH","Nakornprathom","Y","54","2026-06-23","","REVIEW"
"Biggame & MIIT","2","2","36","20","019","MIIT Co.,Ltd.","MIIT Co.,Ltd.","TH","","Y","6","2017-03-14","",""
"Biggame & MIIT","2","3","31.2","371","951","Joint China Garment Limited","Joint China Garment Limited","HK","-","Y","2","2019-05-10","",""
"YEH Pattana","2","1","70","426","982","YEH Parfun Co., Ltd.","YEH Parfun Co., Ltd.","TH","","Y","1","2019-05-15","","REVIEW"
"YEH Pattana","2","2","30.8","711","1206","PVH Far East Limited","PVH Far East Limited","HK","Kowloon","Y","1","2024-06-14","",""
"YEH Pattana","2","3","25.5","156","749","Chantasia Co.,Ltd. (Head Office)","Chantasia","TH","","Y","1732","2026-09-04","",""
"Forster_FRSZ & SED","2","1","65","245","835","Forster Rohner  (Suzhou) Embroidery co.,Ltd.","Forster Rohner  (Suzhou) Embroidery co.,Ltd.","CH","Suzhou","Y","57","2025-09-05","","WEAK"
"Forster_FRSZ & SED","2","2","66.7","274","864","Forster Rohner AG","Forster Rohner AG","SW","","Y","4","2018-06-30","",""
"Forster_FRSZ & SED","2","3","65","658","1157","Forster Rohner (Suzhou) Embroidery Co., Ltd","Forster Rohner (Suzhou) Embroidery Co., Ltd","CH","Suzhou","Y","0","","",""
"Triumph Hong Kong 257138AA23","1","1","75.7","99","098","Triumph HK","Triumph HK","HK","","Y","16","2018-02-28","ctry+","REVIEW"
"Triumph Hong Kong 257138AA23","1","2","74","193","786","Triumph International Services (APAC) Limited.","Triumph International Services (APAC) Limited.","HK","","Y","51","2025-01-10","ctry+",""
"Triumph Hong Kong 257138AA23","1","3","59.7","172","765","Triumph International (Vietnam) Ltd.","Triumph International (Vietnam) Ltd.","VN","","Y","529","2026-07-02","ctry-",""
