"sheet","source_row","header_row","article","fabric_name","composition","full_width_cm","usable_width_cm","weight_gsm","moq","qty_raw","qty_min","qty_max","color_tier","currency","price","date_raw","remark"
"CENTER PRICE USD for internal","693","13","255640","LUNA TM","100% PA","155 - 165 cm.","150 - 160 cm.","23 - 28 g/m2","3,000m","200-600","200","600","PFE/PFD","THB","0.2030","",""
"CENTER PRICE USD for internal","693","13","255640","LUNA TM","100% PA","155 - 165 cm.","150 - 160 cm.","23 - 28 g/m2","3,000m","200-600","200","600","All_colors","THB","0.2030","",""
"CENTER PRICE USD for internal","694","13","255640","LUNA TM","100% PA","155 - 165 cm.","150 - 160 cm.","23 - 28 g/m2","3,000m","601-2,000","601","2000","PFE/PFD","THB","0.2030","",""
"CENTER PRICE USD for internal","694","13","255640","LUNA TM","100% PA","155 - 165 cm.","150 - 160 cm.","23 - 28 g/m2","3,000m","601-2,000","601","2000","All_colors","THB","0.2030","",""
"ANITA_Thailand & Germany ","220","212","SAF-011AA/67","composition","width(CM) Full","Usable widht (CM)","weight(g/ms2)","5,000 M.","500 M.","205","205","","All_colors","THB","5.95","",""
"ANITA_Thailand & Germany ","225","212","RAY-051AA/67","100% PES","155-165","150-160","128-142","3,000 M","1,000 M.","2.17","2","","All_colors","USD","70922","",""
"ANITA_Thailand & Germany ","229","212","RAY-051AA/67","100% PES","155-165","150-160","128-142","3,000 M","1,000 M.","2.35","2","","All_colors","USD","20425","",""
"ANITA_Thailand & Germany ","232","212","RAY-051AA/67","100% PES","155-165","150-160","128-142","3,000 M","1,000 M.","2.30","2","","All_colors","USD","30425","",""
"ANITA_Thailand & Germany ","236","212","RAY-051AA/67","100% PES","180","Usable widht (CM)","weight(g/ms2)","3,000 M","1,000 M.","","1000","","All_colors","USD","70922","",""
"Aronne Faccio","58","56","254804","ELASTIC TULLE","86% PA, 14% ELASTANE","","142 - 147 cm.","45 - 50 g/m2","","200-600m.","200","600","PFE/PFD","THB","3.00","",""
"Aronne Faccio","58","56","254804","ELASTIC TULLE","86% PA, 14% ELASTANE","","142 - 147 cm.","45 - 50 g/m2","","200-600m.","200","600","All_colors","THB","3.60","",""
"Aronne Faccio","59","56","254804","ELASTIC TULLE","86% PA, 14% ELASTANE","","142 - 147 cm.","45 - 50 g/m2","","601-2,000m.","601","2000","PFE/PFD","THB","2.63","",""
"Aronne Faccio","59","56","254804","ELASTIC TULLE","86% PA, 14% ELASTANE","","142 - 147 cm.","45 - 50 g/m2","","601-2,000m.","601","2000","All_colors","THB","3.17","",""
"Aronne Faccio","60","56","254804","ELASTIC TULLE","86% PA, 14% ELASTANE","","142 - 147 cm.","45 - 50 g/m2","","2,001-5,000m.","2001","5000","PFE/PFD","THB","2.57","",""
"Aronne Faccio","60","56","254804","ELASTIC TULLE","86% PA, 14% ELASTANE","","142 - 147 cm.","45 - 50 g/m2","","2,001-5,000m.","2001","5000","All_colors","THB","3.03","",""
"Aronne Faccio","67","65","254804","PA Power Net Elastic Tuell","86% PA, 14% PUE","","142 - 147 cm.","45 - 50 g/m2","","200-700 m.","200","700","White","THB","3.74","",""
"Aronne Faccio","67","65","254804","PA Power Net Elastic Tuell","86% PA, 14% PUE","","142 - 147 cm.","45 - 50 g/m2","","200-700 m.","200","700","Light","THB","3.74","",""
"Aronne Faccio","67","65","254804","PA Power Net Elastic Tuell","86% PA, 14% PUE","","142 - 147 cm.","45 - 50 g/m2","","200-700 m.","200","700","Medium","THB","3.87","",""
"Aronne Faccio","67","65","254804","PA Power Net Elastic Tuell","86% PA, 14% PUE","","142 - 147 cm.","45 - 50 g/m2","","200-700 m.","200","700","Medium","THB","3.87","",""
"Aronne Faccio","67","65","254804","PA Power Net Elastic Tuell","86% PA, 14% PUE","","142 - 147 cm.","45 - 50 g/m2","","200-700 m.","200","700","Dark","THB","3.87","",""
"Aronne Faccio","68","65","254804","PA Power Net Elastic Tuell","86% PA, 14% PUE","","142 - 147 cm.","45 - 50 g/m2","","701-2,500 m.","701","2500","White","THB","3.09","",""
"Aronne Faccio","68","65","254804","PA Power Net Elastic Tuell","86% PA, 14% PUE","","142 - 147 cm.","45 - 50 g/m2","","701-2,500 m.","701","2500","Light","THB","3.09","",""
"Aronne Faccio","68","65","254804","PA Power Net Elastic Tuell","86% PA, 14% PUE","","142 - 147 cm.","45 - 50 g/m2","","701-2,500 m.","701","2500","Medium","THB","3.40","",""
"Aronne Faccio","68","65","254804","PA Power Net Elastic Tuell","86% PA, 14% PUE","","142 - 147 cm.","45 - 50 g/m2","","701-2,500 m.","701","2500","Medium","THB","3.40","",""
"Aronne Faccio","68","65","254804","PA Power Net Elastic Tuell","86% PA, 14% PUE","","142 - 147 cm.","45 - 50 g/m2","","701-2,500 m.","701","2500","Dark","THB","3.40","",""
"Aronne Faccio","69","65","254804","PA Power Net Elastic Tuell","86% PA, 14% PUE","","142 - 147 cm.","45 - 50 g/m2","","2,501 m.+","2501","","White","THB","2.91","",""
"Aronne Faccio","69","65","254804","PA Power Net Elastic Tuell","86% PA, 14% PUE","","142 - 147 cm.","45 - 50 g/m2","","2,501 m.+","2501","","Light","THB","2.91","",""
"Aronne Faccio","69","65","254804","PA Power Net Elastic Tuell","86% PA, 14% PUE","","142 - 147 cm.","45 - 50 g/m2","","2,501 m.+","2501","","Medium","THB","3.22","",""
"Aronne Faccio","69","65","254804","PA Power Net Elastic Tuell","86% PA, 14% PUE","","142 - 147 cm.","45 - 50 g/m2","","2,501 m.+","2501","","Medium","THB","3.22","",""
"Aronne Faccio","69","65","254804","PA Power Net Elastic Tuell","86% PA, 14% PUE","","142 - 147 cm.","45 - 50 g/m2","","2,501 m.+","2501","","Dark","THB","3.22","",""
"Aronne Faccio","71","65","254804","PA Power Net Elastic Tuell","86% PA, 14% PUE","","142 - 147 cm.","45 - 50 g/m2","","","0","","Dark","THB","3","",""
"Aronne Faccio","78","76","254804","PA Power Net Elastic Tuell","86% PA, 14% PUE","","142 - 147 cm.","45 - 50 g/m2","","200-700 m.","200","700","White","THB","3.99","",""
"Aronne Faccio","78","76","254804","PA Power Net Elastic Tuell","86% PA, 14% PUE","","142 - 147 cm.","45 - 50 g/m2","","200-700 m.","200","700","Light","THB","3.99","",""
"Aronne Faccio","78","76","254804","PA Power Net Elastic Tuell","86% PA, 14% PUE","","142 - 147 cm.","45 - 50 g/m2","","200-700 m.","200","700","Medium","THB","4.12","",""
"Aronne Faccio","78","76","254804","PA Power Net Elastic Tuell","86% PA, 14% PUE","","142 - 147 cm.","45 - 50 g/m2","","200-700 m.","200","700","Medium","THB","4.12","",""
"Aronne Faccio","78","76","254804","PA Power Net Elastic Tuell","86% PA, 14% PUE","","142 - 147 cm.","45 - 50 g/m2","","200-700 m.","200","700","Dark","THB","4.12","",""
"Aronne Faccio","79","76","254804","PA Power Net Elastic Tuell","86% PA, 14% PUE","","142 - 147 cm.","45 - 50 g/m2","","701-2,500 m.","701","2500","White","THB","3.09","",""
"Aronne Faccio","79","76","254804","PA Power Net Elastic Tuell","86% PA, 14% PUE","","142 - 147 cm.","45 - 50 g/m2","","701-2,500 m.","701","2500","Light","THB","3.09","",""
"Aronne Faccio","79","76","254804","PA Power Net Elastic Tuell","86% PA, 14% PUE","","142 - 147 cm.","45 - 50 g/m2","","701-2,500 m.","701","2500","Medium","THB","3.4","",""
"Aronne Faccio","79","76","254804","PA Power Net Elastic Tuell","86% PA, 14% PUE","","142 - 147 cm.","45 - 50 g/m2","","701-2,500 m.","701","2500","Medium","THB","3.4","",""
"Aronne Faccio","79","76","254804","PA Power Net Elastic Tuell","86% PA, 14% PUE","","142 - 147 cm.","45 - 50 g/m2","","701-2,500 m.","701","2500","Dark","THB","3.4","",""
"Aronne Faccio","80","76","254804","PA Power Net Elastic Tuell","86% PA, 14% PUE","","142 - 147 cm.","45 - 50 g/m2","","2,501 m.+","2501","","White","THB","2.91","",""
"Aronne Faccio","80","76","254804","PA Power Net Elastic Tuell","86% PA, 14% PUE","","142 - 147 cm.","45 - 50 g/m2","","2,501 m.+","2501","","Light","THB","2.91","",""
"Aronne Faccio","80","76","254804","PA Power Net Elastic Tuell","86% PA, 14% PUE","","142 - 147 cm.","45 - 50 g/m2","","2,501 m.+","2501","","Medium","THB","3.22","",""
"Aronne Faccio","80","76","254804","PA Power Net Elastic Tuell","86% PA, 14% PUE","","142 - 147 cm.","45 - 50 g/m2","","2,501 m.+","2501","","Medium","THB","3.22","",""
"Aronne Faccio","80","76","254804","PA Power Net Elastic Tuell","86% PA, 14% PUE","","142 - 147 cm.","45 - 50 g/m2","","2,501 m.+","2501","","Dark","THB","3.22","",""
"Biga Thailand ","355","2","255029","","72%PA, 28% ELASTANE","170 - 180","165 - 175","152 - 168","350 kgs.","600 - 1,999 m.","600","1999","Greige","USD","135","30/5/2024",""
"Biga Thailand ","356","2","255029","","72%PA, 28% ELASTANE","170 - 180","165 - 175","152 - 168","350 kgs.","2,000 m. +","2000","","Greige","USD","120","30/5/2024",""
"Chantasia_UPDATE","17","1","257247CA/11","","","","","","10,000 m.","500 m.+","500","","PFE/PFD","USD","178","9/12/2022",""
"Chantasia_record","155","1","255828","","","","","","MD1269000","100% Polyester","100","","White","USD","3000","22/2/2023",""
"Forster_FRSZ & SED","35","27","254582","Composition","Full Width","Useable Width","Weight","16th March 2022 PFD/PFE","Article","","0","","PFE/PFD","USD","2023","Qty per color",""
"Forster_FRSZ & SED","41","27","254582","Composition","Full Width","Useable Width","Weight","1st December 2021 PFD/PFE","Article","","0","","PFE/PFD","USD","2023","Qty per color",""
"Forster_FRSZ & SED","57","27","255204","Composition","Full Width","Useable Width","Weight","February 2022 PFD/PFE","Article","","0","","PFE/PFD","USD","2023","Qty per color",""
"Forster_FRSZ & SED","116","105","255830AA","255204","DOUBLE CHECK TM","100% PES","159 - 169 cm.","154 - 164 cm.","","3,000m.","3000","","PFE/PFD","USD","33382","",""
"Inter-Spitzen","39","37","255644","","","","","","","","0","","PFE/PFD","THB","2.80","","QTY 200 m. for sample order"
"Inter-Spitzen","48","37","255603","","","","","","3,000","10, 000 m.","10","","PFE/PFD","THB","1.90","12 February 2021","FOB BKK USD 1.90/ m. ( shipment : 1 time)."
"Inter-Spitzen","54","37","255603","","","","","","New price","10,000 m","10000","","PFE/PFD","THB","2.00","updated 31.03.2021","FOB BKK USD 2.00 /m (shipment :1 time)"
"Inter-Spitzen","60","37","254555","","","","","","New price","container base","0","","PFE/PFD","THB","0.98","updated 18/11/21","FOB bangkok"
"Inter-Spitzen","160","126","257101","Fabric name","Composition","Full Width","Useable Width","Weight","MOQ","Qty per color","0","","PFD","USD","2022","",""
"Inter-Spitzen","264","254","255603","255730","RECYCLE PES TULLE TM EMB","100% Recycle PES","155 - 165 cm.","150 - 160 cm.","04.02.2025","3,0000 m.","30000","","All_colors","USD","30352","",""
"Inter-Spitzen","334","326","254741","Fabric name","Composition","Full Width","Useable Width","Weight","MOQ","Qty per color","0","","PFE/PFD","USD","2022","Date",""
"Libertytex","53","1","255776AA/11","W7RP005-1A","100% PES RECYCLE","160 - 170 cm","155 - 165 cm","18 - 22 gsm","10.000 yards","$ 1.05/yards PFD","1","","PFE/PFD","USD","7001.70","20-09-24",""
"Libertytex","54","1","255776AA/11","W7RP005-1A","100% PES RECYCLE","160 - 170 cm","155 - 165 cm","18 - 22 gsm","10.000 yards","","10","","PFE/PFD","USD","22001.55","20-09-24",""
"Libertytex","55","1","255776AA/11","W7RP005-1A","100% PES RECYCLE","160 - 170 cm","155 - 165 cm","18 - 22 gsm","10.000 yards","","10","","PFE/PFD","USD","55001.50","20-09-24",""
"Manufacture","4","1","256634","PA VOILE MATT","100% PA","158 - 163 cm.","153 - 158 cm.","35 - 40 g/m2","3,000m.","601-2,000m.","601","2000","All_colors","USD","257","",""
"Magic link","18","3","255832AA/78","","Product","Name","Width","Weight","less than 600M","","600","","White","USD","600","",""
"Magic link","18","3","255832AA/78","","Product","Name","Width","Weight","less than 600M","","600","","Medium","USD","600","",""
"Magic link","20","3","255832AA/78","","256634","100%PA","Usable : 152 - 158 cm.","37 - 41 g/m2","3.13","","3","","Medium","USD","106","",""
"Magic link","21","3","255832AA/78","","256634","100%PA","Usable : 152 - 158 cm.","37 - 41 g/m2","3.13","","3","","Medium","USD","106","",""
"Magic link","23","3","255832AA/78","","256634","100%PA","Usable : 152 - 158 cm.","37 - 41 g/m2","less than 600M","","600","","White","USD","600","",""
"Magic link","23","3","255832AA/78","","256634","100%PA","Usable : 152 - 158 cm.","37 - 41 g/m2","less than 600M","","600","","Medium","USD","600","",""
"Magic link","25","3","255832AA/78","","254559","100%PA","Full 165-170 cm","20-25 gm/m2","3.04","","3","","Medium","USD","104","",""
"Magic link","26","3","255832AA/78","","254559","100%PA","Usable : 160-165 cm","20-25 gm/m2","3.04","","3","","Medium","USD","104","",""
"Magic link","28","3","255832AA/78","","254559","100%PA","Usable : 160-165 cm","20-25 gm/m2","less than 600M","","600","","White","USD","600","",""
"Magic link","28","3","255832AA/78","","254559","100%PA","Usable : 160-165 cm","20-25 gm/m2","less than 600M","","600","","Medium","USD","600","",""
"Magic link","29","3","255832AA/78","","254804","AURORA","Full : 147 - 152 cm.","20-25 gm/m2","3.29","","3","","Medium","USD","111","",""
"Magic link","30","3","255832AA/78","","254804","86%PA 14%ELASTANE","Usable : 142 - 147 cm.","43 - 50 g/m2","3.96","","3","","Medium","USD","135","",""
"Magic link","31","3","255832AA/78","","254804","86%PA 14%ELASTANE","Usable : 142 - 147 cm.","43 - 50 g/m2","3.96","","3","","Medium","USD","135","",""
"Mastex","188","186","257243AA/11","","80%PA 20%Metallised PES (Lurex)","165 - 175","160 - 170","33-37 g/m2","3,000 m","200-600 m","200","600","All_colors","USD","130","12/11/2024",""
"Mastex","189","186","257243AA/11","","80%PA 20%Metallised PES (Lurex)","165 - 175","160 - 170","33-37 g/m2","3,000 m","601-2,000 m","601","2000","All_colors","USD","115","12/11/2024",""
"Mastex","190","186","257243AA/11","","80%PA 20%Metallised PES (Lurex)","165 - 175","160 - 170","33-37 g/m2","3,000 m","2,001-5,000 m","2001","5000","All_colors","USD","110","12/11/2024",""
"Mizoroki","6","2","255730","","","","","","","2001-5000 m.","2001","5000","All_colors","THB","2.30","",""
"PT Indonesia Wacoal ","32","11","170","","","","","","76% Polyamide,24% Spandex","Band/Hem","0","","Greige","USD","2500","SRG-4806AA/11-BN",""
"PT Indonesia Wacoal ","32","11","170","","","","","","76% Polyamide,24% Spandex","Band/Hem","0","","PFE/PFD","THB","1.55","SRG-4806AA/11-BN",""
"PT Indonesia Wacoal ","33","11","190","","","","","","58%Polyamide,42% Spandex","Band/Hem","0","","Greige","USD","2000","WTG-2813AA/11-BN",""
"PT Indonesia Wacoal ","33","11","190","","","","","","58%Polyamide,42% Spandex","Band/Hem","0","","PFE/PFD","THB","2.45","WTG-2813AA/11-BN",""
"PT Indonesia Wacoal ","34","11","170","","","","","","63%Polyamide,37% Spandex","Band/Hem","0","","Greige","USD","1500","SUG-4801AA/11-BN",""
"PT Indonesia Wacoal ","34","11","170","","","","","","63%Polyamide,37% Spandex","Band/Hem","0","","PFE/PFD","THB","2.35","SUG-4801AA/11-BN",""
"PT Indonesia Wacoal ","35","11","170","","","","","","69%Polyamide FD,37% Spandex","Band/Hem","0","","Greige","USD","3000","WTG-2803AA/11-BN",""
"PT Indonesia Wacoal ","35","11","170","","","","","","69%Polyamide FD,37% Spandex","Band/Hem","0","","PFE/PFD","THB","1.35","WTG-2803AA/11-BN",""
"PT Indonesia Wacoal ","40","11","170","","","","","","70% PA , 30% Elastane","45-47.4","45","47","Greige","USD","600","255912AA/11",""
"PT Indonesia Wacoal ","40","11","170","","","","","","70% PA , 30% Elastane","45-47.4","45","47","PFE/PFD","THB","1.65","255912AA/11",""
"PT Indonesia Wacoal ","49","11","170","","","","","","100% PA","150-155","150","155","Greige","USD","600","251173",""
"PT Indonesia Wacoal ","49","11","170","","","","","","100% PA","150-155","150","155","PFE/PFD","THB","1.65","251173",""
"PT Indonesia Wacoal ","50","11","170","","","","","","100% PA","153-163","153","163","Greige","USD","600","255755AA/11",""
"PT Indonesia Wacoal ","50","11","170","","","","","","100% PA","153-163","153","163","PFE/PFD","THB","1.5","255755AA/11",""
"PT Indonesia Wacoal ","51","11","170","","","","","","100% PA","160-170","160","170","Greige","USD","600","257104AA/11",""
"PT Indonesia Wacoal ","51","11","170","","","","","","100% PA","160-170","160","170","PFE/PFD","THB","1.55","257104AA/11",""
"PT Indonesia Wacoal ","52","11","170","","","","","","100% PA","150-155","150","155","Greige","USD","600","254622AA/14",""
"PT Indonesia Wacoal ","52","11","170","","","","","","100% PA","150-155","150","155","PFE/PFD","THB","1.55","254622AA/14",""
"PT Indonesia Wacoal ","53","11","170","","","","","","88% PA, 12% Elastane","160-170","160","170","Greige","USD","500","254992",""
"PT Indonesia Wacoal ","53","11","170","","","","","","88% PA, 12% Elastane","160-170","160","170","PFE/PFD","THB","3.85","254992",""
"PT Indonesia Wacoal ","54","11","170","","","","","","84% PA, 16% Elastane","160-170","160","170","Greige","USD","500","255470",""
"PT Indonesia Wacoal ","54","11","170","","","","","","84% PA, 16% Elastane","160-170","160","170","PFE/PFD","THB","4.95","255470",""
"PT Indonesia Wacoal ","55","11","170","","","","","","75% PA, 25% Elastane","185-190","185","190","Greige","USD","500","255028",""
"PT Indonesia Wacoal ","55","11","170","","","","","","75% PA, 25% Elastane","185-190","185","190","PFE/PFD","THB","4.2","255028",""
"ROYAL U","51","49","254615","","","","","","","","0","","Greige","USD","500","",""
"ROYAL U","52","49","256530","","","","","","","","0","","Greige","USD","500","",""
"ROYAL U","53","49","254588","","","","","","","","0","","Greige","USD","500","",""
"ROYAL U","57","49","255344","","","","","","600m.","","600","","Greige","USD","500","",""
"ROYAL U","58","49","255080","","","","","","600m.","","600","","Greige","USD","500","",""
"ROYAL U","59","49","254582","","","","","","600m.","","600","","Greige","USD","500","",""
"ROYAL U","60","49","254582","","","","","","600m.","","600","","Greige","USD","500","",""
"ROYAL U","61","49","255239","","","","","","600m.","","600","","Greige","USD","500","",""
"ROYAL U","64","49","255099","","","","","","600m.","","600","","Greige","USD","500","",""
"ROYAL U","65","49","255305","","","","","","600m.","","600","","Greige","USD","500","",""
"ROYAL U","73","49","255442","","","","","","600m.","","600","","PFD","USD","115","",""
"Setafil Thailand","4","2","254555","PES TULLE","100%PES","157 - 162 cm.","152 - 157 cm.","30 - 35 g/m2","","","0","","Greige","USD","360","",""
"Setafil Thailand","7","2","254582","PA TULLE","100 % PA","157 - 162 cm.","152 - 157 cm.","18 - 23 g/m2","","","0","","Greige","USD","500","",""
"Setafil Thailand","10","2","254559","PA TULLE MICRO-TOUCH","100% PA","165 - 170 cm.","160 - 165 cm.","20 - 25 g/m2","","","0","","Greige","USD","530","",""
"Setafil Thailand","13","2","254933","ELASTIC TULLE CREO","87% PES, 13% ELASTANE","152 - 157 cm.","147 - 152 cm.","40 - 45 g/m2","","","0","","Greige","USD","400","",""
"Setafil Thailand","16","2","255804","ELASTIC TULLE","86% PA, 14% ELASTANE","147 - 152 cm.","142 - 147 cm.","45 - 50 g/m2","","","0","","Greige","USD","430","",""
"Setafil Thailand","19","2","255603","Elastic Tulle Pascal Wider","70% PA, 30% Elastane","155 - 160 cm.","150 - 155 cm.","50 - 55 g/m2","","","0","","Greige","USD","450","",""
"Setafil Thailand","22","2","255048","PES TULLE INVISIBLE","100% PES","170 - 175 cm.","165 - 170 cm.","18 - 23 g/m2","","","0","","Greige","USD","550","",""
"Setafil Thailand","25","2","255314","PES INVISIBLE TULLE MONO","100% PES","153 - 163 cm.","148 - 158 cm.","18 - 23 g/m2","","","0","","Greige","USD","590","",""
"Setafil Thailand","28","2","255484","Invisible Tulle Bright","100%PA","152 - 162cm","147 - 157 cm","13 - 18g/m2","","","0","","Greige","USD","830","",""
"Setafil Thailand","31","2","255239","PA UTRA INVISIBLE TULLE","100% PA","155 - 160 cm.","150 - 155 cm.","15 - 20 g/m2","","","0","","Greige","USD","670","",""
"Setafil Thailand","38","32","255584","PES/COTTON COMPACT TULLE","76% PES, 24% CO","143-153 cm","138-48 cm","40-45 g/m2","","","0","","Greige","USD","500","",""
"Setafil Thailand","41","32","256562","PES VOILE","100% PES","177-182 cm","172-177 cm","33-38 g/m2","","","0","","Greige","USD","420","",""
"Setafil Thailand","44","32","256530","PA VOILE TRILOBAL","100% PA","153 - 158 cm.","148 - 153 cm.","38 - 43 g/m2","","","0","","Greige","USD","420","",""
"Setafil Thailand","53","51","255305","PES PIQUET","100% PES","150 - 160 cm.","145 - 155 cm.","33 - 37 g/m2","","","0","","Greige","USD","520","",""
"Setafil Thailand","54","51","255560","PES TULLE CHOICE","100% PES","160 - 170 cm.","155 - 165 cm.","25 - 30 g/m2","","","0","","Greige","USD","370","",""
"Setafil Thailand","55","51","255621","MYLA 03 TM PFD","100% PES","148 - 158 cm.","143 - 153 cm.","45 - 50 g/m2","","","0","","Greige","USD","720","",""
"Setafil Thailand","56","51","254804","ELASTIC TULLE","86% PA, 14% ELASTANE","147 - 152 cm.","142 - 147 cm.","45 - 50 g/m2","","","0","","Greige","USD","465","",""
"Setafil Thailand","57","51","255010","PES TULLE RHOMBE / POINT","100% PES","145 - 150 cm.","140 - 145 cm.","24 - 29 g/m2","","","0","","Greige","USD","600","",""
"Setafil Thailand","59","51","255539","PES VOILE 150 cm.","100% PES","145 - 155 cm.","140 - 150 cm.","33 - 38 g/m2","","","0","","Greige","USD","385","",""
"Setafil Thailand","60","51","256575","PES VOILE LIGHT","100% PES","170 - 175 cm.","165 - 170 cm.","23 - 28 g/m2","","","0","","Greige","USD","435","",""
"Setafil Thailand","61","51","255099","PES TULLE","100% PES","150 - 155 cm.","145 - 150 cm.","20 - 25 g/m2","","","0","","Greige","USD","380","",""
"Setafil Thailand","80","51","255322","Product","Name","Type","200-600m.","601-2,000m.","","","0","","PFE/PFD","USD","2000","",""
"Triumph art. 254746","33","31","254746","Elastic Tulle Rondo","91% PA,9% PUE","ca 145/150 cm.","","38-43g/m2","","200-700m.","200","700","All_colors","THB","5.70","",""
"Triumph art. 254746","33","31","254746","Elastic Tulle Rondo","91% PA,9% PUE","ca 145/150 cm.","","38-43g/m2","","200-700m.","200","700","All_colors","THB","5.70","",""
"Triumph art. 254746","33","31","254746","Elastic Tulle Rondo","91% PA,9% PUE","ca 145/150 cm.","","38-43g/m2","","200-700m.","200","700","All_colors","THB","5.70","",""
"Triumph art. 254746","33","31","254746","Elastic Tulle Rondo","91% PA,9% PUE","ca 145/150 cm.","","38-43g/m2","","200-700m.","200","700","All_colors","THB","5.70","",""
"Triumph art. 254746","34","31","254746","Elastic Tulle Rondo","91% PA,9% PUE","ca 145/150 cm.","","38-43g/m2","","701-2,500m.","701","2500","All_colors","THB","5.47","",""
"Triumph art. 254746","34","31","254746","Elastic Tulle Rondo","91% PA,9% PUE","ca 145/150 cm.","","38-43g/m2","","701-2,500m.","701","2500","All_colors","THB","5.47","",""
"Triumph art. 254746","34","31","254746","Elastic Tulle Rondo","91% PA,9% PUE","ca 145/150 cm.","","38-43g/m2","","701-2,500m.","701","2500","All_colors","THB","5.47","",""
"Triumph art. 254746","34","31","254746","Elastic Tulle Rondo","91% PA,9% PUE","ca 145/150 cm.","","38-43g/m2","","701-2,500m.","701","2500","All_colors","THB","5.47","",""
"Triumph art. 254746","35","31","254746","Elastic Tulle Rondo","91% PA,9% PUE","ca 145/150 cm.","","38-43g/m2","","+2,500m.","2500","","All_colors","THB","5.37","",""
"Triumph art. 254746","35","31","254746","Elastic Tulle Rondo","91% PA,9% PUE","ca 145/150 cm.","","38-43g/m2","","+2,500m.","2500","","All_colors","THB","5.37","",""
"Triumph art. 254746","35","31","254746","Elastic Tulle Rondo","91% PA,9% PUE","ca 145/150 cm.","","38-43g/m2","","+2,500m.","2500","","All_colors","THB","5.37","",""
"Triumph art. 254746","35","31","254746","Elastic Tulle Rondo","91% PA,9% PUE","ca 145/150 cm.","","38-43g/m2","","+2,500m.","2500","","All_colors","THB","5.37","",""
"Triumph art. 254746","44","42","254746","Elastic Tulle Rondo","91% PA,9% PUE","ca 145/150 cm.","","38-43g/m2","","200-700m.","200","700","All_colors","THB","5.83","",""
"Triumph art. 254746","44","42","254746","Elastic Tulle Rondo","91% PA,9% PUE","ca 145/150 cm.","","38-43g/m2","","200-700m.","200","700","All_colors","THB","5.83","",""
"Triumph art. 254746","44","42","254746","Elastic Tulle Rondo","91% PA,9% PUE","ca 145/150 cm.","","38-43g/m2","","200-700m.","200","700","All_colors","THB","5.83","",""
"Triumph art. 254746","44","42","254746","Elastic Tulle Rondo","91% PA,9% PUE","ca 145/150 cm.","","38-43g/m2","","200-700m.","200","700","All_colors","THB","5.83","",""
"Triumph art. 254746","45","42","254746","Elastic Tulle Rondo","91% PA,9% PUE","ca 145/150 cm.","","38-43g/m2","","701-2,500m.","701","2500","All_colors","THB","5.60","",""
"Triumph art. 254746","45","42","254746","Elastic Tulle Rondo","91% PA,9% PUE","ca 145/150 cm.","","38-43g/m2","","701-2,500m.","701","2500","All_colors","THB","5.60","",""
"Triumph art. 254746","45","42","254746","Elastic Tulle Rondo","91% PA,9% PUE","ca 145/150 cm.","","38-43g/m2","","701-2,500m.","701","2500","All_colors","THB","5.60","",""
"Triumph art. 254746","45","42","254746","Elastic Tulle Rondo","91% PA,9% PUE","ca 145/150 cm.","","38-43g/m2","","701-2,500m.","701","2500","All_colors","THB","5.60","",""
"Triumph art. 254746","46","42","254746","Elastic Tulle Rondo","91% PA,9% PUE","ca 145/150 cm.","","38-43g/m2","","+2,500m.","2500","","All_colors","THB","5.50","",""
"Triumph art. 254746","46","42","254746","Elastic Tulle Rondo","91% PA,9% PUE","ca 145/150 cm.","","38-43g/m2","","+2,500m.","2500","","All_colors","THB","5.50","",""
"Triumph art. 254746","46","42","254746","Elastic Tulle Rondo","91% PA,9% PUE","ca 145/150 cm.","","38-43g/m2","","+2,500m.","2500","","All_colors","THB","5.50","",""
"Triumph art. 254746","46","42","254746","Elastic Tulle Rondo","91% PA,9% PUE","ca 145/150 cm.","","38-43g/m2","","+2,500m.","2500","","All_colors","THB","5.50","",""
"Triumph art. 254615 old until N","33","31","254615","PA Tuell-SH","100%PA","ca 137-142 cm.","","35-40g/m2","","200 m. and more","200","","All_colors","THB","2.65","",""
"Triumph art. 254615 old until N","33","31","254615","PA Tuell-SH","100%PA","ca 137-142 cm.","","35-40g/m2","","200 m. and more","200","","All_colors","THB","2.65","",""
"Triumph art. 254615 old until N","33","31","254615","PA Tuell-SH","100%PA","ca 137-142 cm.","","35-40g/m2","","200 m. and more","200","","All_colors","THB","2.65","",""
"Triumph art. 254615 old until N","33","31","254615","PA Tuell-SH","100%PA","ca 137-142 cm.","","35-40g/m2","","200 m. and more","200","","All_colors","THB","2.65","",""
"Triumph art. 254615 old until N","37","31","254615","PA Tuell-SH","100%PA","ca 137-142 cm.","","35-40g/m2","","200 m. and more","200","","All_colors","THB","2.80","",""
"Triumph art. 254615 old until N","37","31","254615","PA Tuell-SH","100%PA","ca 137-142 cm.","","35-40g/m2","","200 m. and more","200","","All_colors","THB","2.80","",""
"Triumph art. 254615 old until N","37","31","254615","PA Tuell-SH","100%PA","ca 137-142 cm.","","35-40g/m2","","200 m. and more","200","","All_colors","THB","2.80","",""
"Triumph art. 254615 old until N","37","31","254615","PA Tuell-SH","100%PA","ca 137-142 cm.","","35-40g/m2","","200 m. and more","200","","All_colors","THB","2.80","",""
"Triumph 254804","33","31","254804","PA Power Net Elastic Tuell","86 % PA,14 % PU","ca 140-145 cm.","","40-50 g/m2","","200 - 700 m.","200","700","All_colors","THB","3.30","",""
"Triumph 254804","33","31","254804","PA Power Net Elastic Tuell","86 % PA,14 % PU","ca 140-145 cm.","","40-50 g/m2","","200 - 700 m.","200","700","All_colors","THB","3.30","",""
"Triumph 254804","33","31","254804","PA Power Net Elastic Tuell","86 % PA,14 % PU","ca 140-145 cm.","","40-50 g/m2","","200 - 700 m.","200","700","All_colors","THB","3.30","",""
"Triumph 254804","33","31","254804","PA Power Net Elastic Tuell","86 % PA,14 % PU","ca 140-145 cm.","","40-50 g/m2","","200 - 700 m.","200","700","All_colors","THB","3.30","",""
"Triumph 254804","34","31","254804","PA Power Net Elastic Tuell","86 % PA,14 % PU","ca 140-145 cm.","","40-50 g/m2","","701-2,500 m.","701","2500","All_colors","THB","3.00","",""
"Triumph 254804","34","31","254804","PA Power Net Elastic Tuell","86 % PA,14 % PU","ca 140-145 cm.","","40-50 g/m2","","701-2,500 m.","701","2500","All_colors","THB","3.00","",""
"Triumph 254804","34","31","254804","PA Power Net Elastic Tuell","86 % PA,14 % PU","ca 140-145 cm.","","40-50 g/m2","","701-2,500 m.","701","2500","All_colors","THB","3.00","",""
"Triumph 254804","34","31","254804","PA Power Net Elastic Tuell","86 % PA,14 % PU","ca 140-145 cm.","","40-50 g/m2","","701-2,500 m.","701","2500","All_colors","THB","3.00","",""
"Triumph 254804","43","41","254804","PA Power Net Elastic Tuell","86 % PA,14 % PU","ca 140-145 cm.","","40-50 g/m2","","200 - 700 m.","200","700","All_colors","THB","3.43","",""
"Triumph 254804","43","41","254804","PA Power Net Elastic Tuell","86 % PA,14 % PU","ca 140-145 cm.","","40-50 g/m2","","200 - 700 m.","200","700","All_colors","THB","3.43","",""
"Triumph 254804","43","41","254804","PA Power Net Elastic Tuell","86 % PA,14 % PU","ca 140-145 cm.","","40-50 g/m2","","200 - 700 m.","200","700","All_colors","THB","3.43","",""
"Triumph 254804","43","41","254804","PA Power Net Elastic Tuell","86 % PA,14 % PU","ca 140-145 cm.","","40-50 g/m2","","200 - 700 m.","200","700","All_colors","THB","3.43","",""
"Triumph 254804","44","41","254804","PA Power Net Elastic Tuell","86 % PA,14 % PU","ca 140-145 cm.","","40-50 g/m2","","701-2,500 m.","701","2500","All_colors","THB","3.13","",""
"Triumph 254804","44","41","254804","PA Power Net Elastic Tuell","86 % PA,14 % PU","ca 140-145 cm.","","40-50 g/m2","","701-2,500 m.","701","2500","All_colors","THB","3.13","",""
"Triumph 254804","44","41","254804","PA Power Net Elastic Tuell","86 % PA,14 % PU","ca 140-145 cm.","","40-50 g/m2","","701-2,500 m.","701","2500","All_colors","THB","3.13","",""
"Triumph 254804","44","41","254804","PA Power Net Elastic Tuell","86 % PA,14 % PU","ca 140-145 cm.","","40-50 g/m2","","701-2,500 m.","701","2500","All_colors","THB","3.13","",""
