CENTER PRICE USD for internal	9	10	(USD currency)  FOB BANGKOK | (USD currency)  FOB BANGKOK | (USD currency)  FOB BANGKOK | (USD currency)  FOB BANGKOK | (USD currency)  FOB BANGKOK | (USD currency)  FOB BANGKOK | (USD currency)  FOB BANGKOK | (USD currency)  FOB BANGKOK | (USD currency)  FOB BANGKOK | (USD currency)  FOB BANGKOK
CENTER PRICE USD for internal	14	12	MOQ | Qty per color | Article | Fabric name | Composition | Full Width | Useable Width | Weight | PFE/PFD | All colors | PFE/PFD | All colors
CENTER PRICE USD for internal	256	3	3,000m. | 200-600m. | 255080 Pleating | PES TULLE Pleating | 100% PES | Full  width after pleating | Usable width after pleating | 55 - 60 g/m2 | 2.35 | 2.90 | 70 | 87
CENTER PRICE USD for internal	260	3	3,000m. | 200-600m. | 255080 Pleating | PES TULLE Pleating | 100% PES | Full  width after pleating | Usable width after pleating | 55 - 60 g/m2 | - | 3.70 | - | 122
CENTER PRICE THB	8	10	PRICE LIST 2019 | PRICE LIST 2019 | PRICE LIST 2019 | PRICE LIST 2019 | PRICE LIST 2019 | PRICE LIST 2019 | PRICE LIST 2019 | PRICE LIST 2019 | PRICE LIST 2019 | PRICE LIST 2019
CENTER PRICE THB	9	10	(THB currency) | (THB currency) | (THB currency) | (THB currency) | (THB currency) | (THB currency) | (THB currency) | (THB currency) | (THB currency) | (THB currency)
CENTER PRICE THB	14	10	MOQ | Qty per color | Article | Fabric name | Composition | Full Width | Useable Width | Weight | PFE/PFD | All colors
CENTER PRICE THB	253	3	3,000m. | 200-600m. | 255080 Pleating | PES TULLE Pleating | 100% PES | Full  width after pleating | Usable width after pleating | 55 - 60 g/m2 | 70 | 87
CENTER PRICE THB	257	3	3,000m. | 200-600m. | 255080 Pleating | PES TULLE Pleating | 100% PES | Full  width after pleating | Usable width after pleating | 55 - 60 g/m2 | - | 122
CENTER PRICE THB	865	10	Article | Fabric name | Composition | Full Width | Useable Width | Weight | MOQ | Qty per color | PFE/PFD | All colors
CENTER PRICE THB	870	10	Article | Fabric name | Composition | Full Width | Useable Width | Weight | MOQ | Qty per color | PFE/PFD | All colors
CENTER PRICE THB	871	3	257043 | 67% PA, 33% ELASTANE | 155 - 165 cm. | 150 - 160 cm. | 47 - 53 g/m2 | 3,000 m. | 300 - 649 m. | THB  87.00 | THB  102.00
CENTER PRICE THB	878	10	Article | Fabric name | Composition | Full Width | Useable Width | Weight | MOQ | Qty per color | PFE/PFD | All colors
Acundis	4	10	MOQ | Qty per color | Article | Fabric name | Composition | Full Width | Useable Width | Weight | PFE/PFD | All Colors
Acundis	18	11	MOQ | Qty per color | Article | Fabric name | Composition | Full Width | Useable Width | Weight | PFE/PFD | All colors | Remarks
Acundis	22	3	Price : FOB Bangkok USD/meter | Price : FOB Bangkok USD/meter | Price : FOB Bangkok USD/meter
Acundis	23	10	Date | MOQ | Qty per color | Article | Fabric name | Composition | Full Width | Useable Width | Weight | PFE/PFD
Acundis	30	8	Quoted Price by K. Sivy on 20.12.2022 | Quoted Price by K. Sivy on 20.12.2022 | USD per meter / FOB | USD per meter / FOB | USD per meter / FOB | USD per meter / FOB | THB per meter exclude Vat/ DDP | THB per meter exclude Vat/ DDP
Acundis	31	6	Qty | Article | PFE/PFD | All colors | PFD/PFE | All colors
Acundis	40	10	Date | MOQ | Qty per color | Article | Fabric name | Composition | Full Width | Useable Width | Weight | PFE/PFD
Acundis	47	11	DATE | MOQ | Qty per color | Article | Fabric name | Composition | Full Width | Useable Width | Weight | PFE/PFD | All colors
Acundis	53	10	Date | MOQ | Qty per color | Article | Fabric name | Composition | Full Width | Useable Width | Weight | PFE/PFD
Acundis	58	10	Date | MOQ | Qty per color | Article | Fabric name | Composition | Full Width | Useable Width | Weight | PFE/PFD
Acundis	65	8	Date | MOQ | QTY per color | Article | composition | Weight | Full Width | Usable With | PFD/PFE (USD/m)
Acundis	74	10	DATE | ARTICLE # | Composition | Weight | Full Width | Useable Width | MOQ | Qty per color | USD FOB BKK / METER | USD FOB BKK / METER
Acundis	75	3	g/m2 | CM | CM | (Meter) | (Meter) | PFE/PFD | ALL COLOR
Acundis	84	12	DATE | ARTICLE # | Composition | Fabric name | Weight | Full Width | Useable Width | MOQ | Qty per color | USD FOB BKK / METER | USD FOB BKK / METER | REMARK
Acundis	85	3	g/m2 | CM | CM | (Meter) | (Meter) | PFE/PFD | ALL COLOR
Agent Provocateur	4	9	Qty per color | Article | Fabric name | Composition | Full Width | Useable Width | Weight | PFE/PFD | All colors
Agent Provocateur	11	9	MOQ | Qty per color | Article | Fabric name | Composition | Full Width | Useable Width | Weight | All colors
Agent Provocateur	18	10	MOQ | Qty per color | Article | Fabric name | Composition | Full Width | Useable Width | Weight | PFE/PFD | All colors
Agent Provocateur	65	3	Price : FOB Bangkok USD/meter | Price : FOB Bangkok USD/meter | Price : FOB Bangkok USD/meter
Agent Provocateur	66	10	MOQ | Qty per color | Article | Fabric name | Composition | Full Width | Useable Width | Weight | PFE/PFD | All colors
Agent Provocateur	77	3	Price : FOB Bangkok USD/meter | Price : FOB Bangkok USD/meter | Price : FOB Bangkok USD/meter
Agent Provocateur	78	10	MOQ | Qty per color | Article | Fabric name | Composition | Full Width | Useable Width | Weight | PFE/PFD | All colors
Agent Provocateur	83	3	Price : FOB Bangkok USD/meter | Price : FOB Bangkok USD/meter | Price : FOB Bangkok USD/meter
Agent Provocateur	84	11	Date | MOQ | Qty per color | Article | Fabric name | Composition | Full Width | Useable Width | Weight | PFE/PFD | All colors
Agent Provocateur	100	11	Date | MOQ | Qty per color | Article | Fabric name | Composition | Full Width | Useable Width | Weight | PFE/PFD | All colors
Agent Provocateur	115	11	Date | MOQ | Qty per color | Article | Fabric name | Composition | Full Width | Useable Width | Weight | PFE/PFD | All colors
AGAPE	2	11	MOQ | Qty per color | Article | Fabric name | Composition | Full Width | Useable Width | Weight | PFE | All colors | REMARKS
AGAPE	9	9	MOQ | Qty per color | Article | Fabric name | Composition | Full Width | Useable Width | Weight | All colors
AGAPE	20	10	MOQ | Qty per color | Article | Fabric name | Composition | Full Width | Useable Width | Weight | PFE/PFD | All colors
AGAPE	28	10	MOQ | Qty per color | Article | Fabric name | Composition | Full Width | Useable Width | Weight | PFE/PFD | All colors
AGAPE	36	10	MOQ | Qty per color | Article | Fabric name | Composition | Full Width | Useable Width | Weight | PFE/PFD | All colors
ANITA_Thailand & Germany 	4	10	USD per meter / FOB | USD per meter / FOB | USD per meter / FOB | USD per meter / FOB | USD per meter / FOB | THB per meter exclude Vat/ DDP | THB per meter exclude Vat/ DDP | THB per meter exclude Vat/ DDP | THB per meter exclude Vat/ DDP | THB per meter exclude Vat/ DDP
ANITA_Thailand & Germany 	5	4	Qty | Article | PFE/PFD | White | Light | Medium | Dark | PFE/PFD | White | Light | Medium | Dark
ANITA_Thailand & Germany 	11	11	Price valid 01.11.2012 - 31.12.2015 | USD per meter / FOB | USD per meter / FOB | USD per meter / FOB | USD per meter / FOB | USD per meter / FOB | THB per meter exclude Vat/ DDP | THB per meter exclude Vat/ DDP | THB per meter exclude Vat/ DDP | THB per meter exclude Vat/ DDP | THB per meter exclude Vat/ DDP
ANITA_Thailand & Germany 	12	4	Qty | Article | PFE/PFD | White | Light | Medium | Dark | PFE/PFD | White | Light | Medium | Dark
ANITA_Thailand & Germany 	18	5	Quoted Price by K. Sivy line on 01.10.2018 | USD per meter / FOB | USD per meter / FOB | USD per meter / FOB | USD per meter / FOB | USD per meter / FOB
ANITA_Thailand & Germany 	19	4	Qty | Article | PFE/PFD | All colors
ANITA_Thailand & Germany 	24	7	Quoted Price by K. Sivy on 20.12.2022 | USD per meter / FOB | USD per meter / FOB | USD per meter / FOB | USD per meter / FOB | THB per meter exclude Vat/ DDP | THB per meter exclude Vat/ DDP
ANITA_Thailand & Germany 	26	6	Qty | Article | PFE/PFD | All colors | PFD/PFE | All colors
ANITA_Thailand & Germany 	34	11	Price valid 01.11.2012 - 31.12.2015 | USD per meter / FOB | USD per meter / FOB | USD per meter / FOB | USD per meter / FOB | USD per meter / FOB | THB per meter exclude Vat/ DDP | THB per meter exclude Vat/ DDP | THB per meter exclude Vat/ DDP | THB per meter exclude Vat/ DDP | THB per meter exclude Vat/ DDP
ANITA_Thailand & Germany 	35	6	Qty | Article | PFE/PFD | All colors | PFE/PFD | All colors
ANITA_Thailand & Germany 	39	10	UPDATED : 26.11.21 by K.Sivy @ Asoke office | USD per meter / FOB | USD per meter / FOB | USD per meter / FOB | USD per meter / FOB | USD per meter / FOB | THB per meter exclude Vat/ DDP | THB per meter exclude Vat/ DDP | THB per meter exclude Vat/ DDP | THB per meter exclude Vat/ DDP | THB per meter exclude Vat/ DDP
ANITA_Thailand & Germany 	40	6	Qty | Article | PFE/PFD | All colors | PFE/PFD | All colors
ANITA_Thailand & Germany 	47	11	Price valid 01.11.2012 - 31.12.2015 | USD per meter / FOB | USD per meter / FOB | USD per meter / FOB | USD per meter / FOB | USD per meter / FOB | THB per meter exclude Vat/ DDP | THB per meter exclude Vat/ DDP | THB per meter exclude Vat/ DDP | THB per meter exclude Vat/ DDP | THB per meter exclude Vat/ DDP
ANITA_Thailand & Germany 	48	6	Qty | Article | PFE/PFD | All colors | PFE/PFD | All colors
ANITA_Thailand & Germany 	54	10	USD per meter / FOB | USD per meter / FOB | USD per meter / FOB | USD per meter / FOB | USD per meter / FOB | THB per meter exclude Vat/ DDP | THB per meter exclude Vat/ DDP | THB per meter exclude Vat/ DDP | THB per meter exclude Vat/ DDP | THB per meter exclude Vat/ DDP
ANITA_Thailand & Germany 	55	6	Qty | Article | PFE/PFD | All colors | PFE/PFD | All colors
ANITA_Thailand & Germany 	83	4	Qty | Article | All colors | All colors
ANITA_Thailand & Germany 	90	4	Qty | Article | All colors | All colors
ANITA_Thailand & Germany 	97	4	Qty | Article | All colors | All colors
ANITA_Thailand & Germany 	104	5	MOQ | Qty per color | Article | All colors | All colors
ANITA_Thailand & Germany 	111	5	MOQ | Qty per color | Article | All colors | All colors
ANITA_Thailand & Germany 	117	5	MOQ | Qty per color | Article | All colors | All colors
ANITA_Thailand & Germany 	121	5	MOQ | Qty per color | Article | All colors | All colors
ANITA_Thailand & Germany 	127	5	MOQ | Qty per color | Article | All colors | All colors
ANITA_Thailand & Germany 	134	7	MOQ | Qty | Article | Composition | Width (cm) /              Weight (gsm2) | Width (cm) /              Weight (gsm2) | All colors
ANITA_Thailand & Germany 	145	9	Article | Composition | Full Width | Useable Width | Weight | MOQ | Qty per color | PFE/PFD | All colors
ANITA_Thailand & Germany 	153	8	Article | Composition | Full Width | Useable Width | Weight | MOQ | Qty per color | All colors
ANITA_Thailand & Germany 	161	9	Article | Composition | Full Width | Useable Width | Weight | MOQ | Qty per color | PFD | All colors
ANITA_Thailand & Germany 	168	9	Article | Composition | Full Width | Useable Width | Weight | MOQ | Qty per color | USD | THB
ANITA_Thailand & Germany 	176	5	Eschler Design : | Composition | Finishing | Weight | Full Width | Usable width | Ref. | Structure | Collection
ANITA_Thailand & Germany 	177	7	Eschler Design : | Composition | Finishing | Weight | Full Width | Usable width | Ref. | Structure | Collection | Qty per color | All color (USD/M)
ANITA_Thailand & Germany 	178	7	Eschler Design : | Composition | Finishing | Weight | Full Width | Usable width | Ref. | Structure | Collection | Qty per color | All color (USD/M)
ANITA_Thailand & Germany 	204	6	Article | composition | width(CM) Full | Usable widht (CM) | weight(g/ms2) | MOQ/M | MCQ/M | Price all color(baht/M)
ANITA_Thailand & Germany 	208	11	Article | Fabric name | Composition | Full Width   (cm.) | Useable Width   (cm.) | Weight   (g/m2) | MOQ (Mtrs) | Qty per color (Mtrs) | All colors (THB/Mtr) | All colors (USD/Mtr) | REMARK
ANITA_Thailand & Germany 	213	11	Article | Fabric name | Composition | Full Width   (cm.) | Useable Width   (cm.) | Weight   (g/m2) | MOQ (Mtrs) | Qty per color (Mtrs) | All colors (THB/Mtr) | All colors (USD/Mtr) | REMARK
ANITA_Thailand & Germany 	219	7	Article | composition | width(CM) Full | Usable widht (CM) | weight(g/ms2) | MOQ/M | MCQ/M | Price all color(baht/M) | Price all color(US$/M)
ANITA_Thailand & Germany 	224	7	Article | composition | width(CM) Full | Usable widht (CM) | weight(g/ms2) | MOQ/M | MCQ/M | Price all color(baht/M) | Price all color(US$/M)
ANITA_Thailand & Germany 	228	7	Article | composition | width(CM) Full | Usable widht (CM) | weight(g/ms2) | MOQ/M | MCQ/M | Price all color(baht/M) | Price all color(US$/M)
ANITA_Thailand & Germany 	231	7	Article | composition | width(CM) Full | Usable widht (CM) | weight(g/ms2) | MOQ/M | MCQ/M | Price all color(baht/M) | Price all color(US$/M)
ANITA_Thailand & Germany 	235	7	Article | composition | width(CM) Full | Usable widht (CM) | weight(g/ms2) | MOQ/M | MCQ/M | Price all color(baht/M) | Price all color(US$/M)
ANITA_Thailand & Germany 	239	7	Article | composition | width(CM) Full | Usable widht (CM) | weight(g/ms2) | MOQ/M | MCQ/M | Price all color(baht/M) | Price all color(US$/M)
ANITA_Thailand & Germany 	243	12	Date | Article | Fabric name | Composition | Full Width   (cm.) | Useable Width   (cm.) | Weight   (g/m2) | MOQ (Mtrs) | Qty per color (Mtrs) | All colors (THB/Mtr) | Valid price | REMARK
ANITA_Thailand & Germany 	249	12	Date | Article | Fabric name | Composition | Full Width   (cm.) | Useable Width   (cm.) | Weight   (g/m2) | MOQ (Mtrs) | Qty per color (Mtrs) | All color (USD/M) | All colors (THB/Mtr) | Valid price
ANITA_Thailand & Germany 	256	12	Date | Article | Fabric name | Composition | Full Width   (cm.) | Useable Width   (cm.) | Weight   (g/m2) | MOQ (Mtrs) | Qty per color (Mtrs) | All color (USD/M) | All colors (THB/Mtr) | Valid price
ANITA_Thailand & Germany 	260	12	Date | Article | Fabric name | Composition | Full Width   (cm.) | Useable Width   (cm.) | Weight   (g/m2) | MOQ (Mtrs) | Qty per color (Mtrs) | All color (USD/M) | All colors (THB/Mtr) | Remark
Asia Creative	5	6	Article | compositon | Full width(CM) | Usable withd(CM) | weight(gsm) | MOQ(M) | MCQ(M) | Price/M.
Aronne Faccio	33	6	Qty per color | Article | Fabric name | Composition | Width | Weight | White | Light | Medium | Dark
Aronne Faccio	52	3	Date of inquiry: | Date of inquiry: | Date of inquiry:
Aronne Faccio	57	9	Qty per color | Article | Fabric name | Composition | Usable Width | Weight | PFE/PFD | PFE/PFD | All colors
Aronne Faccio	66	6	Qty per color | Article | Fabric name | Composition | Usable Width | Weight | White | White | Light | Medium | Medium | Dark
Aronne Faccio	77	6	Qty per color | Article | Fabric name | Composition | Usable Width | Weight | White | White | Light | Medium | Medium | Dark
Aronne Faccio	100	8	MOQ | Qty per color | Article | Fabric name | Composition | Useable Width | Weight | All colors
Aronne Faccio	101	8	MOQ | Qty per color | Article | Fabric name | Composition | Useable Width | Weight | USD/ m
Aronne Faccio	108	9	MOQ | Qty per color | Article | Fabric name | Composition | Full Width | Useable Width | Weight | All colors
Aronne Faccio	109	9	MOQ | Qty per color | Article | Fabric name | Composition | Full Width | Useable Width | Weight | USD/ m
Audrey Thailand	6	3	Price : THB/meter exclude VAT 7% | Price : THB/meter exclude VAT 7% | Price : THB/meter exclude VAT 7%
Audrey Thailand	7	7	MOQ | QTY per color | Article | composition | weight | width | All Colors (THB/m)
Ateliers	2	11	MOQ | Qty per color | Article | Fabric name | Composition | Full Width | Useable Width | Weight | PFE/PFD | All colors | Remarks
Ausco	1	9	WEIGHT | FULL | USEABLE | CUSTOMER | CUSTOMER | PRICE | THB/M | THB/M | THB/M | THB/M | THB/M | THB/M | THB/M | US$/M | US$/M | US$/M | US$/M | US$/M | US$/M | US$/M
Ausco	2	11	ACTIVE | ARTICLE | COMPOSITION | NAME | G/SQM | WIDTH | WIDTH | NAME | ITEM | UP | MOQ (Meter/Kg.) | GREIGE | MCQ | PFD/PFE | COLORS | PFD/PFE | COLORS | MOQ | GREIGE | MCQ | PFD/PFE | COLORS | PFD/PFE | COLORS | REMARK
Ausco	3	6	CM. | CM. | DATE | Mt/ Kg | THB/KG | (Meter) | THB/M | THB/M | THB/Yds | THB/Yds | Mt / Kg | US$/KG | (Meter) | US$/M | US$/M | US$/Yds | US$/Yds
PRESSLESS	2	20	Eschler | Customer | Composition | Full Width | Weight | Yield | Thickness | Finished | MOQ | MCQ | PRICE | PRICE | PRICE | PRICE | PRICE | PRICE | PRICE | PRICE | PRICE | PRICE | PRICE | PRICE | PRICE | PRICE | PRICE | PRICE
PRESSLESS	3	10	Article No. | Article No. | Material | Full Width | Weight | MOQ | MCQ | USD | USD | USD | USD | USD | Fob BKK | Fob BKK | Ex-work | Fob BKK | Fob BKK | Fob BKK | Fob BKK | Fob BKK | Fob BKK | Fob BKK | Fob BKK
PRESSLESS	6	3	SHET 3K 230 | S00005 | 100% PE | 230 | 300 | 1.45 | 3 | PFD | 4.11 | 3.76 | 4.13 | 3.82 | 142 | 142 | 3.82 | 142 | 142 | 142 | 142 | 142 | 142 | 142 THB | 137 THB
PRESSLESS	8	3	SHET 2K 180 | S00002 | 100% PE | 180 | 185 | 3 | 2.5 | PFD | 2.47 | 2.18 | 2.18 | 2.18 | 2.08 | 77 | 77 | 2.08 | 77 | 77 | 77 | 77 | 77 | 77 | 77 THB | 72 THB
PRESSLESS	9	3	SHET 2K 220 | S00008 | 100% PE | 220 | 185 | 2.46 | 2.4 | PFD | 2.78 | 2.68 | 87 | 87 | 87 | 87 | 87 | 87 | 87 THB | 82 THB
PRESSLESS	10	3	SHET 2K 240 | S00003 | 100% PE | 240 | 185 | 2.25 | 2.2 | PFD | 2.83 | 2.95 | 2.93 | 77 | 97 | 97 | 97 | 97 | 97 | 97 | 97 THB | 92 THB
Biga Thailand 	3	15	Date | MOQ | QTY per color | Article | COMPOSITION | WEIGHT (G/M2) | Full width | Usable width (cm.) | Yield | greige (THB/KG) | greige (USD/KG) | PFE/PFD (THB/m) | PFE/PFD (USD/m) | All Colors (THB/m) | All Colors (USD/m) | Remark | คอลัมน์ 1 | คอลัมน์ 2 | คอลัมน์ 3 | คอลัมน์ 4 | คอลัมน์ 5 | คอลัมน์ 6 | คอลัมน์ 7 | คอลัมน์ 8 | คอลัมน์ 9 | คอลัมน์ 10 | คอลัมน์ 11 | คอลัมน์ 12 | คอลัมน์ 13 | คอลัมน์ 14
Biga Thailand 	509	12	30/5/2025 | MOQ | Qty per color | Article | Fabric name | Composition | Full Width | Useable Width | Weight | PFE/PFD | All colors | PFE/PFD | All colors
Biga Thailand 	511	3	30/5/2025 | 3000 M | 255719AA/14 | 100%PA | 150 - 160 cm | 145 - 155 cm | 10-15 gsm | 31 baht | Updated price 30th May 2025 | Price for PFD.
Biga Thailand 	513	15	Date | MOQ | QTY per color | Article | COMPOSITION | WEIGHT (G/M2) | Full width | Usable width (cm.) | Yield | greige (THB/KG) | greige (USD/KG) | PFE/PFD (THB/m) | PFE/PFD (USD/m) | All Colors (THB/m) | All Colors (USD/m) | Remark
BIGA Lanka greige & PFD 	5	5	Date | For customer | BIGA LANKA | ETH article | Greige price/kg | PFD | Yield (m/kg) | MOQ
BIGA Lanka greige & PFD 	7	4	USD | THB | USD | THB
BIGA Lanka greige & PFD 	35	3	19/1/2023 | 254992 | Greige price :  THB 450.-/kg | MOQ : 500 kgs | (Yield 6.34 m/kg) | K.Sivy gave price by Line on 19.01.23
BIGA Lanka greige & PFD 	36	3	19/1/2023 | 251205 | Greige price :  THB 360.-/kg | MOQ : 850 kgs | (Yield 3.60 m/kg) | K.Sivy gave price by Line on 19.01.23
BIGA Lanka greige & PFD 	134	3	Customer code | Article | Price | Remark
BIGA Lanka greige & PFD 	191	3	Date | BIGA LANKA item | QTY | ETH item | THB/KG
BIGA Lanka greige & PFD 	197	3	Date | BIGA LANKA item | QTY | ETH item | THB/KG
BIGA Lanka greige & PFD 	212	3	CDR.035/25 | sample 1 | Compo:72% Nylon, 28% Spandex | Greige price  =298THB/KGS | MOQ=1,250KGS
BIGA Lanka greige & PFD 	213	3	weight 150gsm , width 160cm | DYED/FOB BKK =3.95USD/M. | MOQ=5,000M.
BIGA Lanka greige & PFD 	216	3	CDR.036/25 | sample 2 | Compo:82%Nylon, 18% Spandex | Greige price  =220THB/KGS | MOQ=850KGS
BIGA Lanka greige & PFD 	217	3	weight 185gsm , width 1500cm | DYED /FOB BKK =3.80USD/M. | MOQ=5,000M.
BIGA Lanka greige & PFD 	220	3	CDR.054/25 | MA000002 | Compo : 100% PA | Greige price = 245THB/KGS | MOQ=1,100KGS
BIGA Lanka greige & PFD 	223	3	CDR.055/25 | MA000001 | Compo : 100% PA | Greige price = 230 THB/KGS | MOQ=1,000KGS
BIGA Roja	5	9	MOQ | Qty per color | Article | Fabric name | Composition | Full Width | Useable Width | Weight | PFE/PFD
Biggame & MIIT	2	10	MOQ | Qty per color | Article | Fabric name | Composition | Full Width | Useable Width | Weight | All colors | All colors
Biggame & MIIT	6	10	MOQ | Qty per color | Article | Fabric name | Composition | Full Width | Useable Width | Weight | All colors | All colors
Biggame & MIIT	11	10	MOQ | Qty per color | Article | Fabric name | Composition | Full Width | Useable Width | Weight | All colors | All colors
Chantasia_UPDATE	1	11	Date | MOQ | QTY per color | Article | Chantasia item | PFD/PFE (USD/m) | White (USD/m) | Black/Dark (USD/m) | Light (USD/m) | Medium (USD/m) | ALL Colors (USD/m) | Remark
Chantasia_record	1	11	Date | MOQ | QTY per color | Article | Chantasia item | PFD/PFE (USD/m) | White (USD/m) | Black/Dark (USD/m) | Light (USD/m) | Medium (USD/m) | ALL Colors (USD/m) | Remark
Chantasia_record	152	8	Article | Composition | Full Width | Weigth | MOQ | Qty per color | Unit price for All color | Unit price for All color | Remark
Chantasia_record	153	7	Article | Composition | Full Width | Weigth | MOQ | Qty per color | (USD/meter) | (USD/meter)
Chantasia_record	154	5	Article | Composition | Full Width | Weigth | MOQ | Qty per color | Non Brush | Brush
Bodywear	4	10	MOQ | Qty per color | Article | Fabric name | Composition | Full Width | Useable Width | Weight | PFE/PFD | All colors
Bodywear	11	9	MOQ | Qty per color | Article | Fabric name | Composition | Full Width | Useable Width | Weight | All colors
Brandix	3	11	Date | MOQ | QTY per color | Article | Yield | greige (THB/KG) | greige (USD/KG) | PFE/PFD (THB/m) | PFE/PFD (USD/yard | All Colors (THB/m) | All Colors (USD/m) | Remark
Cerie 	5	9	MOQ | Qty per color | Article | Fabric name | Composition | Full Width | Useable Width | Weight | All colors
Cerie 	12	18	ESCHLER PRICE | ESCHLER PRICE | ESCHLER PRICE | ESCHLER PRICE | ESCHLER PRICE | ESCHLER PRICE | ESCHLER PRICE | ESCHLER PRICE | ESCHLER PRICE | ESCHLER PRICE | ESCHLER PRICE | ESCHLER PRICE | Eschler to Bischoff THAILAND | Eschler to Bischoff THAILAND | Eschler to Bischoff THAILAND | Eschler to Bischoff THAILAND | Eschler to Bischoff THAILAND | Eschler to Bischoff THAILAND | Eschler to Bischoff LANKA | Eschler to Bischoff LANKA | Eschler to Bischoff LANKA | Eschler to Bischoff LANKA | Eschler to Bischoff LANKA | Eschler to Bischoff LANKA | Eschler to Bischoff LANKA | BISCHOFF LANKA PRICE | BISCHOFF LANKA PRICE | BISCHOFF LANKA PRICE | BISCHOFF LANKA PRICE | BISCHOFF LANKA PRICE | BISCHOFF LANKA PRICE
Cerie 	13	24	MOQ | Qty per color | Article | Fabric name | Composition | Full Width | Useable Width | Weight | PFE/PFD | All colors | PFE/PFD | All colors | Article | MOQ MCQ | Greige | PFD | Color | Price | Article | Greige | Greige | Greige | PFD | Remark | Price | Article | Bischoff to Customer | Price ($/m) | MOQ(m) | MCQ(m) | REMARK
Cerie 	14	12	CM. | CM. | G/M2 | US$ | US$ | THB | THB | MOQ MCQ | THB/kg | THB/kg | THB/kg | Update | MOQ/kg | THB/kg | US$/kg | THB/Meter | Update
Chief You	2	11	Date | Article | Fabric name | Composition | Full Width | Useable Width | Weight | MOQ | Qty per color | PFE/PFD | All dye colors | REMARK
Chi Shing	3	8	Qty per color | Article | Fabric name | Composition | Full Width | Useable Width | Weight | All colors
Clover	2	10	Date | MOQ | Qty per color | Article | Fabric name | Composition | Weight | Useable Width | Full Width | All color (USD/M)
Contespa	7	6	Article | compositon | Full width(CM) | Usable withd(CM) | weight(gsm) | MOQ(M) | MCQ(M) | Price/M.
Crystal Martin	5	6	Article | compositon | Full width(CM) | Usable withd(CM) | weight(gsm) | MOQ(M) | MCQ(M) | Price/M.
Crystal Martin	11	9	QUALITY | ETH ITEM | WEIGHT | MIN FULL WIDTH | MIN USABLE WIDTH | WARP EXT/MOD @ 3.6KG | WEFT EXT/MOD @ 3.6KG | COMPOSITION | TARGET PRICE | PA PRICE | ESCHLER PRICE (NORMAL) | ESCHLER PRICE ( RECYCLED) | REMARKS
Crystal Martin	19	8	Customer | Article | Composition | Width | Usable width | Weight | MOQ | MCQ | Price for all colours | Remarks
Crystal Martin	35	12	Quality Ref | Fabric Construction inc Warp or Weft | Minimum Usable Width | Composition | Price Valid Date From | Price Valid Date To | Solid Price in US | Solid Price in US | Solid Price in US | Solid Price in US | Print Prices | Print Prices | Print Prices | Marl / Yarn Dye Stripe | Delivery Terms | Minimums | Minimums | Minimums | Lead Times | Lead Times | Lead Times
Crystal Martin	36	11	Supplier | Supplier Country of Origin | Quality Ref | Fabric Construction inc Warp or Weft | Minimum Usable Width | Composition | Weight (gsm) | Fabric Finish (if Applicable) | ECP Number | ECP Expiration Date | Price Valid Date From | Price Valid Date To | White | Medium Colours | Black/ Dark Colours | Neon | Pigment Print | Print (Reactive - Acid - Disperse) | Discharge Print | Marl / Yarn Dye Stripe | Delivery Terms | Order Qty (MOQ) | Colour Qty (MCQ) | Print Qty (MPQ) | Yarn (Weeks) | Greige (Weeks) | Dye/Finish (Weeks) | Comments
Crystal Martin	38	3	Eschler THAI KNIT Co. Ltd | Thailand | 257335AA/26 | WRAP KNIT | 160 ( full width) as band 26.1 cm | 64% PA 36% EL | 256 - 278 gsm | wicking | 2/8/2024 | 2/2/2025 | 1.65 | 1.65 | 1.65 | TBA | NA | NA | NA | NA | FOB | 5000 ( full ) 15.000 ( band) | 500 (full ) 1.500 ( band) | 8 | 4 | 6 | 1.90 for recycle fabric price
Crystal Martin	39	3	Eschler THAI KNIT Co. Ltd | Thailand | 257270AA/26 | WRAP KNIT | 148 ( min full width) as band 40 cm | 62% PA, 38% EL | 252 - 278 gsm | wicking | 2/8/2024 | 2/2/2025 | 2.45 | 2.45 | 2.45 | TBA | NA | NA | NA | NA | FOB | 5000 ( full ) 15.000 ( band) | 500 (full ) 1.500 ( band) | 8 | 4 | 6 | 2.75 for recycle fabric price
Crystal Martin	41	4	( 7.08 for 140 min usable width) | ( 7.08 for 140 min usable width) | ( 7.08 for 140 min usable width) | (8.18 for 140 min usable width)
Crystal Martin	56	12	Quality Ref | Fabric Construction inc Warp or Weft | Minimum Usable Width | Composition | Price Valid Date From | Price Valid Date To | Solid Price | Solid Price | Solid Price | Solid Price | Print Prices | Print Prices | Print Prices | Marl / Yarn Dye Stripe | Delivery Terms | Minimums | Minimums | Minimums | Lead Times | Lead Times | Lead Times
Crystal Martin	57	11	Supplier | Supplier Country of Origin | Quality Ref | Fabric Construction inc Warp or Weft | Minimum Usable Width | Composition | Weight (gsm) | Fabric Finish (if Applicable) | ECP Number | ECP Expiration Date | Price Valid Date From | Price Valid Date To | White | Medium Colours | Black/ Dark Colours | Neon | Pigment Print | Print (Reactive - Acid - Disperse) | Discharge Print | Marl / Yarn Dye Stripe | Delivery Terms | Order Qty (MOQ) | Colour Qty (MCQ) | Print Qty (MPQ) | Yarn (Weeks) | Greige (Weeks) | Dye/Finish (Weeks) | Comments
ETAM	7	10	MOQ | Qty per color | Article | Fabric name | Composition | Full Width | Useable Width | Weight | PFE/PFD | All colors
ETAM	18	10	MOQ | Qty per color | Article | Fabric name | Composition | Full Width | Useable Width | Weight | PFE/PFD | All colors
ETAM	24	8	MOQ | Qty per color | Article | Fabric name | Composition | Useable Width | Weight | All colors
ETAM	32	10	MOQ | Qty per color | Article | Fabric name | Composition | Full Width | Useable Width | Weight | PFE/PFD | All colors
ETAM	40	10	MOQ | Qty per color | Article | Fabric name | Composition | Full Width | Useable Width | Weight | PFE/PFD | All colors
ETAM	52	9	MOQ | Qty per color | Article | Fabric name | Composition | Full Width | Useable Width | Weight | All colors
ETAM	65	3	Price : FOB Bangkok USD/meter | Price : FOB Bangkok USD/meter | Price : FOB Bangkok USD/meter
ETAM	66	9	MOQ | Qty per color | Article | Fabric name | Composition | Full Width | Useable Width | Weight | All colors
ETAM	73	9	MOQ | Qty per color | Article | Fabric name | Composition | Full Width | Useable Width | Weight | All colors
ETAM	81	9	MOQ | Qty per color | Article | Fabric name | Composition | Full Width | Useable Width | Weight | All colors
ETAM	88	9	MOQ | Qty per color | Article | Fabric name | Composition | Full Width | Useable Width | Weight | All colors
ETAM	96	10	Date | MOQ | Qty per color | Article | Fabric name | Composition | Full Width | Useable Width | Weight | All colors
ETAM	124	10	Date | MOQ | Qty per color | Article | Fabric name | Composition | Full Width | Useable Width | Weight | All colors
LIVY (ETAM)	4	11	Date | Article | Fabric name | Composition | Full Width | Useable Width | Weight | MOQ | Qty per color | All colors | All colors | Valid
LIVY (ETAM)	5	4	( CM. ) | ( CM. ) | ( G/M2) | ( METER ) | ( METER ) | USD/Meter | USD/Meter | price
Shenzhen Fidele Garments 	4	12	Date | Article | Fabric name | Composition | Full Width | Useable Width | Weight | MOQ | Qty per color | All colors | All colors | All colors | Valid
Shenzhen Fidele Garments 	5	5	( CM. ) | ( CM. ) | ( G/M2) | ( METER ) | ( METER ) | USD/Meter | USD/Meter | USD/Meter | price
ZHOUNGSHAN (ETAM)	3	12	Date | MOQ | Qty per color | Article | Fabric name | Composition | Full Width | Useable Width | Weight | All colors | add | All colors | Valid price
Delta Bogart	6	10	MOQ | Qty per color | Article | Fabric name | Composition | Full Width | Useable Width | Weight | PFE/PFD | All colors
Delta Bogart	21	9	MOQ | Qty per color | Article | Fabric name | Composition | Full Width | Useable Width | Weight | All colors
DANA CO price Mary Yu	6	7	Customer | Article | Composition | Width cm (Full) | Usable Width | Weight | MOQ | MCQ | Price
Fidelity	24	6	Qty per color | Article | Fabric name | Composition | Width | Weight | Black and white
Fidelity	30	6	Qty per color | Article | Fabric name | Composition | Width | Weight | Black and white
Forster_FRSZ & SED	6	5	Date | QTY PER ORDER | ARTICLE | FR ART. | COMPOSTION | TYPE | Term | USD Price
Forster_FRSZ & SED	10	5	Date | QTY PER ORDER | ARTICLE | FR ART. | COMPOSTION | TYPE | Term | USD Price
Forster_FRSZ & SED	14	5	Date | QTY PER ORDER | ARTICLE | FR ART. | COMPOSTION | TYPE | Term | USD Price
Forster_FRSZ & SED	18	5	Date | QTY PER ORDER | ARTICLE | FR ART. | COMPOSTION | TYPE | Term | USD Price
Forster_FRSZ & SED	23	5	Date | MOQ | Article | FR ART. | Composition | TYPE | Term | USD Price
Forster_FRSZ & SED	28	9	Date | MOQ | Article | Fabric name | Composition | Full Width | Useable Width | Weight | PFE/PFD
Forster_FRSZ & SED	29	9	Date | MOQ | Article | Fabric name | Composition | Full Width | Useable Width | Weight | USD/ m
Forster_FRSZ & SED	35	9	Qty per color | Article | Fabric name | Composition | Full Width | Useable Width | Weight | 16th March 2022 PFD/PFE | July 2023 PFD/PFE
Forster_FRSZ & SED	41	9	Qty per color | Article | Fabric name | Composition | Full Width | Useable Width | Weight | 1st December 2021 PFD/PFE | July 2023 PFD/PFE
Forster_FRSZ & SED	51	9	MOQ | Qty per color | Article | Fabric name | Composition | Full Width | Useable Width | Weight | PFD/PFD
Forster_FRSZ & SED	57	10	Qty per color | Article | Fabric name | Composition | Full Width | Useable Width | Weight | February 2022 PFD/PFE | June 2023 PFD/PFE | June 2023  All Colors
Forster_FRSZ & SED	65	12	Qty per color | Article | Fabric name | Composition | Full Width | Useable Width | Weight | PFD/PFE | June 2023 PFD/PFE | PFD/PFE 2024 | PFD/PFE 2025 | Remark
Forster_FRSZ & SED	73	5	Date | MOQ | Article | FR ART. | Composition | TYPE | Term | USD Price
Forster_FRSZ & SED	77	9	Date | MOQ | Article | Fabric name | Composition | Full Width | Useable Width | Weight | FOB BKK USD Price per meter
Forster_FRSZ & SED	78	9	Date | MOQ | Article | Fabric name | Composition | Full Width | Useable Width | Weight | PFD/PFE
Forster_FRSZ & SED	83	9	Date | MOQ | Article | Fabric name | Composition | Full Width | Useable Width | Weight | FOB BKK USD Price per meter
Forster_FRSZ & SED	84	9	Date | MOQ | Article | Fabric name | Composition | Full Width | Useable Width | Weight | PFD/PFE
Forster_FRSZ & SED	89	9	Date | MOQ | Article | Fabric name | Composition | Full Width | Useable Width | Weight | FOB BKK USD Price per meter
Forster_FRSZ & SED	90	9	Date | MOQ | Article | Fabric name | Composition | Full Width | Useable Width | Weight | PFD/PFE
Forster_FRSZ & SED	98	9	Qty per color | Article | Fabric name | Composition | Full Width | Useable Width | Weight | PFE/PFD | All colors
Forster_FRSZ & SED	99	9	Qty per color | Article | Fabric name | Composition | Full Width | Useable Width | Weight | USD/ m | USD/ m
Forster_FRSZ & SED	106	9	Qty per color | Article | Fabric name | Composition | Full Width | Useable Width | Weight | PFE/PFD | All colors
Forster_FRSZ & SED	107	9	Qty per color | Article | Fabric name | Composition | Full Width | Useable Width | Weight | USD/ m | USD/ m
Forster_FRSZ & SED	115	9	MOQ | Qty per color | Article | Fabric name | Composition | Full Width | Useable Width | Weight | PFD/PFD
Forster_FRSZ & SED	122	5	Date | MOQ kg. | Article | FR ART. | Composition | TYPE | Term | USD Price
Forster_FRSZ & SED	129	5	Date | MOQ kg. | Article | FR ART. | Composition | TYPE | Term | USD Price
Gamma 28	65	9	MOQ | Qty per color | Article | Fabric name | Composition | Full Width | Useable Width | Weight | PFE/PFD
Gamma 28	72	6	MOQ | Qty per color | Article | PFD/PFE | All colors | Remarks
Gamma 28	78	10	DATE | MOQ | QTY per color | Article | COMPOSITION | WEIGHT (G/M2) | Full width | Usable width (cm.) | Price (THB/m) | Remark
Gamma 28	83	11	Date | MOQ | Qty per color | Article | Fabric name | Composition | Full Width | Useable Width | Weight | PFE/PFD | All colors
Gemma Knits	5	8	MOQ | Article | Fabric name | Composition | Full Width | Useable Width | Weight | Greige price
GLAMORISE	2	12	ACTIVE | DATE | Article | GLAMORISE # | Fabric name | Composition | Full Width | Usable Width | Weight (g/m2) | PFD | MOQ | Qty per color | All colors 
 USD/YARD | Remarks
GLAMORISE	54	4	8/9/2023 | 257209 | 2217 (15 denier monofilament) | Nylon (15/1 SD): 100% | Width (+/-5%): 155 cm | Weight : 21-31 g/m2 | MOQ = 10,000 yds | MCQ = 450 yds/ colour | Price: USD 1.40/ yd (FOB Bangkok)
Gainway	2	3	FOB Bangkok USD/M. | FOB Bangkok USD/M. | (quote same price as P.H.Garment)
Gainway	4	6	Article | compositon | Full width(CM) | Usable withd(CM) | weight(g/m2) | MOQ(M) | MCQ(M) | Price/M.
GSI Creos Thailand	3	11	Date | MOQ | QTY per color | Article | Yield | greige (THB/KG) | greige (USD/KG) | PFE/PFD (THB/m) | PFE/PFD (USD/yard | All Colors (THB/m) | All Colors (USD/m) | Remark
VIVIENNE AUSTRALIA	5	6	Article | compositon | Full width(CM) | Usable withd(CM) | weight(gsm) | MOQ(M) | MCQ(M) | Price/M.
VIVIENNE AUSTRALIA	28	7	Article | compositon | Full width(CM) | Usable Width | weight(gsm) | MOQ(M) | MCQ(M) | Price/M.
VIVIENNE AUSTRALIA	33	7	Article | compositon | Full width(CM) | Usable Width | weight(gsm) | MOQ(M) | MCQ(M) | Price/M.
VIVIENNE AUSTRALIA	42	3	Price : FOB Bangkok USD/meter | Price : FOB Bangkok USD/meter | Price : FOB Bangkok USD/meter
VIVIENNE AUSTRALIA	43	9	Article | Fabric name | Composition | Full Width | Useable Width | Weight | All colors FOB/meters | MOQ | MCQ | Remarks
Hanes Global	4	7	HBI SUPPLIER | Suplier code | HBI Code | Piplay Code | PRICE of  REF | PRICE of  REF in    linear meter | PRICE of  REF per square meter | Currency | Width in inch | Width in centimeter (for fabric) | Incoterm | UOM | MOQ | MCQ | Multiples | Lead Time | Quantity considered to calculate the price | Standard reference / Specific development | standard yarn / Specific Yarn | Oekotex | Fiber contents | Weight/m² | Customs code | Available yardage | Monthly production capacity | MOLDABLE | PA6 or PA6.6 | CLEAN CUT | LAMINATION / GLUDING
Hanes Global	5	7	HBI SUPPLIER | Suplier code | HBI Code | Piplay Code | based on Incoterm validated | based on Incoterm validated | based on Incoterm validated | Currency | Width in inch | Width in centimeter (for fabric) | Incoterm | UOM | MOQ | MCQ | Multiples | Lead Time | Quantity considered to calculate the price | Standard reference / Specific development | standard yarn / Specific Yarn | Oekotex | Fiber contents | Weight/m² | Customs code | Available yardage | Monthly production capacity | MOLDABLE | PA6 or PA6.6 | CLEAN CUT | LAMINATION / GLUDING
Hanes Global	10	10	MOQ | Qty per color | Article | Fabric name | Composition | Full Width | Useable Width | Weight | PFE/PFD  USD/ m | All colors  USD/ m
Hanes Global	18	7	MOQ | Qty per color | Article | Composition | Full Width | Weight | All colors
Hanes Global	19	7	MOQ | Qty per color | Article | Composition | Full Width | Weight | USD/ m
Hanes Global	27	9	MOQ | Qty per color | Article | Fabric name | Composition | Full Width | Useable Width | Weight | All colors  USD/ m
Hanes Global	33	9	MOQ | Qty per color | Article | Fabric name | Composition | Full Width | Useable Width | Weight | All colors
Hanes Global	53	9	Qty per color | Article | Fabric name | Composition | Full Width | Useable Width | Weight | All colors (Solid Dyed) Price/ meter | Certification cost /meter | Total   Price/ meter
Hanes Global	54	9	Qty per color | Article | Fabric name | Composition | Full Width | Useable Width | Weight | All colors (Solid Dyed) Price/ meter | Certification cost /meter | Total   Price/ meter
Hanes Global	55	9	Qty per color | Article | Fabric name | Composition | Full Width | Useable Width | Weight | All colors (Solid Dyed) Price/ meter | Certification cost /meter | Total   Price/ meter
Hanes Global	56	4	200-600m. | 255797AB/11 | ALOE-AB TM FINE | 100% ORGANIC COTTON | 185 - 195 cm. | 180 - 190 cm. | 142 - 158 g/m2 | USD 4.30/ m | USD 1.15/m | USD 5.45/m
Hanes Global	57	3	601-2,000m. | USD 4.00/ m | USD 1.15/m | USD 5.15/m
Hanes Global	58	3	601-2,000m. | USD 4.00/ m | USD 1.15/m | USD 5.15/m
Hanes Global	59	3	2,001-5,000m. | USD 3.90/ m | USD 1.15/m | USD 5.05/m
Hanes Global	63	7	Qty per color | Article | Fabric name | Composition | Full Width | Useable Width | Weight | Pigment Printed Prairie (1 colour) Price/ meter | Pigment Printed Prairie (1 colour) Including Certification | Pigment Printed Tropical Vert (4 colour) Price/ meter | Pigment Printed Tropical Vert (4 colour) Including Certification
Hanes Global	64	7	Qty per color | Article | Fabric name | Composition | Full Width | Useable Width | Weight | Pigment Printed Prairie (1 colour) Price/ meter | Pigment Printed Prairie (1 colour) Including Certification | Pigment Printed Tropical Vert (4 colour) Price/ meter | Pigment Printed Tropical Vert (4 colour) Including Certification
Hanes Global	65	7	Qty per color | Article | Fabric name | Composition | Full Width | Useable Width | Weight | Pigment Printed Prairie (1 colour) Price/ meter | Pigment Printed Prairie (1 colour) Including Certification | Pigment Printed Tropical Vert (4 colour) Price/ meter | Pigment Printed Tropical Vert (4 colour) Including Certification
Hanes Global	71	9	MOQ | Qty. per color | Article | Fabric name | Composition | Full Width | Useable Width | Weight | All colors  USD/ m
Hanes Global	77	9	MOQ | Qty. per color | Article | Fabric name | Composition | Full Width | Useable Width | Weight | All colors  USD/ m
Hanes Global	83	6	Matl Code | ETH article | Description | Target Price | Width (CM) | Remarks | Our Quotation USD/ M | Dulce (HGSCPI) Remarks | Status 16/1/20
Hanes Global	84	6	Matl Code | ETH article | Description | Target Price | Width (CM) | Remarks | Our Quotation USD/ M | Dulce (HGSCPI) Remarks | Status 16/1/20
Hanes Global	115	10	MOQ | Qty per color | Article | Fabric name | Composition | Full Width | Useable Width | Weight | PFD/PFE | All colors | by K. Sivy 29/9/21
Hanes Global	123	10	MOQ | Qty per color | Article | Fabric name | Composition | Full Width | Useable Width | Weight | PFD/PFE | All colors | by K. Sivy 29/9/21
Hanes Global	130	9	MOQ | Qty per color | Article | Fabric name | Composition | Useable Width | Weight | All colors | New Price from December 2021
Hanes Global	136	5	2/11/2021 | TR2834 | 254555 | 60 | 32 G/M2 | Polyester Tulle | 100% Polyester | yard | 200-600m.= USD 2.73/ M | 220-656 yd = USD 2.50/ yd | 220-656 yd = USD 2.50/ yd | 220-656 yd = USD 2.50/ yd | 3280 yd | 220 yd
Hanes Global	137	4	601-2,000m.= USD 2.30/ M | 657 -2,187 yd = USD 2.10/ yd | 657 -2,187 yd = USD 2.10/ yd | 657 -2,187 yd = USD 2.10/ yd
Hanes Global	138	4	2,001-5,000m.= USD 2.10/ M | 2,188-5,468 yd = USD 1.92/ yd | 2,188-5,468 yd = USD 1.92/ yd | 2,188-5,468 yd = USD 1.92/ yd
Hanes Global	140	3	Référence | Cost offer USD/meter | MOQ | MCQ | Usual UOM (meter, yard, unit, pair,…) | Currency | Incoterm | Origin | Usable WIDTH
Hanes Global	148	8	MOQ | Qty per color | Article | Fabric name | Composition | Useable Width | Weight | All colors
Hanes Global	163	8	MOQ | Qty per color | Article | Fabric name | Composition | Useable Width | Weight | All colors
 Hanes Thailand-GMK fabric	4	10	MOQ | QTY per color | Article | composition | weight | width | Yield | greige (THB/KG) | All Colors (THB/m) | All Colors (USD/m) | Valid | Remark
Hop Lun	2	10	MOQ | Qty per color | Article | Fabric name | Composition | Full Width | Useable Width | Weight | PFE/PFD | All colors
Hop Lun	8	10	MOQ | Qty per color | Article | Fabric name | Composition | Full Width | Useable Width | Weight | PFE/PFD | All colors
Hop Lun	35	10	MOQ | Qty per color | Article | Fabric name | Composition | Full Width | Useable Width | Weight | PFE/PFD | All colors
Hop Lun	41	10	MOQ | Qty per color | Article | Fabric name | Composition | Full Width | Useable Width | Weight | PFE/PFD | All colors
Hop Lun	47	10	MOQ | Qty per color | Article | Fabric name | Composition | Full Width | Useable Width | Weight | PFE/PFD | All colors
Hop Lun	76	10	MOQ | Qty per color | Article | Fabric name | Composition | Full Width | Useable Width | Weight | PFE/PFD | All colors
Hop Lun	82	10	MOQ | Qty per color | Article | Fabric name | Composition | Full Width | Useable Width | Weight | PFE/PFD | All colors
Hop Lun	88	10	MOQ | Qty per color | Article | Fabric name | Composition | Full Width | Useable Width | Weight | PFE/PFD | All colors
Hop Lun	108	10	MOQ | Qty per color | Article | Fabric name | Composition | Full Width | Useable Width | Weight | PFE/PFD | All colors
Hop Lun	115	10	MOQ | Qty per color | Article | Fabric name | Composition | Full Width | Useable Width | Weight | PFE/PFD | All colors
Hop Lun	123	10	MOQ | Qty per color | Article | Fabric name | Composition | Full Width | Useable Width | Weight | PFE/PFD | All colors
Hop Lun	138	10	MOQ | Qty per color | Article | Fabric name | Composition | Full Width | Useable Width | Weight | PFE/PFD | All colors
Hop Lun	149	10	MOQ | Qty per color | Article | Fabric name | Composition | Full Width | Useable Width | Weight | PFE/PFD | All colors
Hop Lun	168	3	Cennter Price : FOB Thailand USD/meter | Cennter Price : FOB Thailand USD/meter | Cennter Price : FOB Thailand USD/meter
Hop Lun	169	10	MOQ | Qty per color | Article | Fabric name | Composition | Full Width | Useable Width | Weight | PFE/PFD | All colors
Hop Lun	175	10	MOQ | Qty per color | Article | Fabric name | Composition | Full Width | Useable Width | Weight | PFE/PFD | All colors
Hop Lun	181	10	MOQ | Qty per color | Article | Fabric name | Composition | Full Width | Useable Width | Weight | PFE/PFD | All colors
Hop Lun	187	10	MOQ | Qty per color | Article | Fabric name | Composition | Full Width | Useable Width | Weight | PFE/PFD | All colors
Hop Lun	191	7	CUSTOMER | Article | Composition | Width(CM)full | Usable width(CM) | Weight(gms2) | MOQ(M.) | MCQ/color(M.) | Price All color(USD/M.)
Hop Lun	241	3	Price : FOB Thailand USD/meter | Price : FOB Thailand USD/meter | Price : FOB Thailand USD/meter
Hop Lun	242	10	MOQ | Qty per color | Article | Fabric name | Composition | Full Width | Useable Width | Weight | PFE/PFD | All colors
Hop Lun	255	7	Customer | Article | Composition | Width cm (CUT WIDTH) | Usable Width | Weight | MOQ | MCQ | Price for all colours ( FOB Bkk)
Hop Lun	265	10	MOQ | Qty per color | Article | Fabric name | Composition | Full Width | Useable Width | Weight | PFE/PFD | All colors
Hop Lun	284	10	MOQ | Qty per color | Article | Fabric name | Composition | Full Width | Useable Width | Weight | PFE/PFD | All colors
Hop Lun	302	10	Date | MOQ | Qty per color | Article | Fabric name | Composition | Full Width | Useable Width | Weight | All colors
Hop Lun (PH Garment)	6	10	MOQ | Qty per color | Article | Fabric name | Composition | Full Width | Useable Width | Weight | PFE/PFD | All colors
Hop Lun (PH Garment)	38	10	MOQ | Qty per color | Article | Fabric name | Composition | Full Width | Useable Width | Weight | PFE/PFD | All colors
Hop Lun (PH Garment)	53	10	MOQ | Qty per color | Article | Fabric name | Composition | Full Width | Useable Width | Weight | PFE/PFD | All colors
Hop Lun (PH Garment)	65	10	MOQ | Qty per color | Article | Fabric name | Composition | Full Width | Useable Width | Weight | PFE/PFD | All colors
Hop Lun (PH Garment)	90	9	MOQ | Qty per color | Article | Fabric name | Composition | Full Width | Useable Width | Weight | All colors
Hop Lun (PH Garment)	91	9	MOQ | Qty per color | Article | Fabric name | Composition | Full Width | Useable Width | Weight | USD/ m
Hop Lun (PH Garment)	100	9	MOQ | Qty per color | Article | Fabric name | Composition | Full Width | Useable Width | Weight | All colors
Hop Lun (PH Garment)	127	9	MOQ | Qty per color | Article | Fabric name | Composition | Full Width | Useable Width | Weight | All Colors
Hop Lun (PH Garment)	142	9	MOQ | Qty per color | Article | Fabric name | Composition | Full Width | Useable Width | Weight | All colors
Hop Lun (PH Garment)	151	9	MOQ | Qty per color | Article | Fabric name | Composition | Full Width | Useable Width | Weight | All colors
Hop Lun (PH Garment)	161	9	MOQ | Qty per color | Article | Fabric name | Composition | Full Width | Useable Width | Weight | All colors
Hop Lun (PH Garment)	173	9	MOQ | Qty per color | Article | Fabric name | Composition | Full Width | Useable Width | Weight | All colors
Hop Lun (PH Garment)	187	10	MOQ | Qty per color | Article | Fabric name | Composition | Full Width | Useable Width | Weight | PFE/PFD | All colors
Hop Lun (PH Garment)	209	5	UPDATED : 26.11.21 by K.Sivy @ Asoke office | USD per meter / FOB | USD per meter / FOB | USD per meter / FOB | USD per meter / FOB | USD per meter / FOB
Hop Lun (PH Garment)	210	4	Qty | Article | PFE/PFD | All colors
Hop Lun (PH Garment)	217	10	MOQ | Qty per color | Article | Fabric name | Composition | Full Width | Useable Width | Weight | PFE/PFD | All colors
Hop Lun (PH Garment)	218	10	MOQ | Qty per color | Article | Fabric name | Composition | Full Width | Useable Width | Weight | USD/ m | USD/m
Hop Lun (PH Garment)	223	3	Price are valid until 30th May 2023 | Price are valid until 30th May 2023 | Price are valid until 30th May 2023
Hop Lun (PH Garment)	225	3	PH Garment Price : Rouge Gorge | PH Garment Price : Rouge Gorge | PH Garment Price : Rouge Gorge
Hop Lun (PH Garment)	228	3	Price: FOB Bangkok USD/meter | Price: FOB Bangkok USD/meter | Price: FOB Bangkok USD/meter
Hop Lun (PH Garment)	229	10	MOQ | Qty per color | Article | Fabric name | Composition | Full Width | Useable Width | Weight | PFE/PFD | All colors
Hop Lun (PH Garment)	244	10	MOQ | Qty per color | Article | Fabric name | Composition | Full Width | Useable Width | Weight | PFE/PFD | All colors
Hop Lun (PH Garment)	254	9	MOQ | Qty per color | Article | Fabric name | Composition | Full Width | Useable Width | Weight | All colors
Hop Lun (PH Garment)	259	7	CUSTOMER | Article | Composition | Width(CM)full | Usable width(CM) | Weight(gms2) | MOQ(M.) | MCQ/color(M.) | Price All color(USD/M.)
Hop Lun (PH Garment)	265	9	MOQ | Qty per color | Article | Fabric name | Composition | Full Width | Useable Width | Weight | All colors
Hop Lun (PH Garment)	275	3	Price : FOB Bangkok USD/meter | Price : FOB Bangkok USD/meter | Price : FOB Bangkok USD/meter
Hop Lun (PH Garment)	276	10	MOQ | Qty per color | Article | Fabric name | Composition | Full Width | Useable Width | Weight | PFE/PFD | All colors
Hop Lun (PH Garment)	286	3	Price Valid on 31th March 2025 | Price Valid on 31th March 2025 | Price Valid on 31th March 2025
Hop Lun (PH Garment)	288	10	MOQ | Qty per color | Article | Fabric name | Composition | Full Width | Useable Width | Weight | PFE/PFD | All colors
Impact Auto	1	3	Center Price : THB/meter in year 2022 | Center Price : THB/meter in year 2022 | Center Price : THB/meter in year 2022
Impact Auto	2	10	MOQ | Qty per color | Article | Fabric name | Composition | Full Width | Useable Width | Weight | PFE/PFD | All colors
Impact Auto	8	3	Price : THB/meter exclude VAT 7% | Price : THB/meter exclude VAT 7% | Price : THB/meter exclude VAT 7%
Impact Auto	10	10	Date | MOQ | Qty per color | Article | Fabric name | Composition | Full Width | Useable Width | Weight | All colors
Impact Auto	16	3	Center Price : THB/meter in year 2023 | Center Price : THB/meter in year 2023 | Center Price : THB/meter in year 2023
Impact Auto	17	10	MOQ | Qty per color | Article | Fabric name | Composition | Full Width | Useable Width | Weight | PFE/PFD | All colors
Impact Auto	25	10	Date | MOQ | Qty per color | Article | Fabric name | Composition | Full Width | Useable Width | Weight | All colors
Infinity Asia	2	12	ESCHLER PRICE | ESCHLER PRICE | ESCHLER PRICE | ESCHLER PRICE | ESCHLER PRICE | ESCHLER PRICE | ESCHLER PRICE | ESCHLER PRICE | ESCHLER PRICE | ESCHLER PRICE | ESCHLER PRICE | ESCHLER PRICE
Infinity Asia	3	13	Date | MOQ | Qty per color | Article | Fabric name | Composition | Full Width | Useable Width | Weight | PFE/PFD | All colors | PFE/PFD | All colors
Infinity Asia	4	3	CM. | CM. | G/M2 | US$ | US$ | THB | THB
Intimate, Univeral 	3	3	Article | Qty per color | FOB BKK Current price/meter
Inter-Spitzen	2	8	OC-2400857 | Article | Fabric name | Composition | Full Width | Useable Width | Weight | PFD/PFE | All colors
Inter-Spitzen	38	9	Date | MOQ | QTY per color | Article | Yield | greige (THB/KG) | greige (USD/KG) | PFE/PFD (THB/m) | PFE/PFD (USD/yard | Remark
Inter-Spitzen	54	3	updated 31.03.2021 | New price | 10,000 m | 255603 | 2.00 | FOB BKK USD 2.00 /m  (shipment :1 time)
Inter-Spitzen	63	8	MOQ | Article | Fabric name | Composition | Full Width | Useable Width | Weight | PFE/PFD
Inter-Spitzen	64	8	MOQ | Article | Fabric name | Composition | Full Width | Useable Width | Weight | USD/ m
Inter-Spitzen	80	9	MOQ | Article | Fabric name | Composition | Full Width | Useable Width | Weight | PFE/PFD | All colors
Inter-Spitzen	81	9	MOQ | Article | Fabric name | Composition | Full Width | Useable Width | Weight | USD/ m | USD/m
Inter-Spitzen	91	9	MOQ | Qty per color | Article | Fabric name | Composition | Full Width | Useable Width | Weight | PFE/PFD
Inter-Spitzen	92	9	MOQ | Qty per color | Article | Fabric name | Composition | Full Width | Useable Width | Weight | USD/ m
Inter-Spitzen	103	10	MOQ | Qty per color | Article | Fabric name | Composition | Full Width | Useable Width | Weight | PFE/PFD | All colors
Inter-Spitzen	115	10	MOQ | Qty per color | Article | Fabric name | Composition | Full Width | Useable Width | Weight | PFE/PFD | All colors
Inter-Spitzen	116	10	MOQ | Qty per color | Article | Fabric name | Composition | Full Width | Useable Width | Weight | USD/m | USD/ m
Inter-Spitzen	127	9	MOQ | Qty per color | Article | Fabric name | Composition | Full Width | Useable Width | Weight | PFD
Inter-Spitzen	160	10	MOQ | Qty per color | Article | Fabric name | Composition | Full Width | Useable Width | Weight | February 2022 PFD/PFE | June 2023 PFD/PFE
Inter-Spitzen	173	8	Qty per color | Article | Fabric name | Composition | Full Width | Useable Width | Weight | PFD/PFE
Inter-Spitzen	177	10	MOQ | Qty per color | Article | Fabric name | Composition | Full Width | Useable Width | Weight | PFD/PFE | All Colors
Inter-Spitzen	182	8	Qty per color | Article | Fabric name | Composition | Useable Width | Weight | PFD/PFE | All colors
Inter-Spitzen	191	9	MOQ | Qty per color | Article | Fabric name | Composition | Useable Width | Weight | PFD/PFE | All colors
Inter-Spitzen	200	10	Qty per color | Article | Fabric name | Composition | Full Width | Useable Width | Weight | PFD/PFE | June 2023 PFD/PFE | PFD/PFE 2024
Inter-Spitzen	208	3	Price: FOB Bangkok USD/meter | Price: FOB Bangkok USD/meter | Price: FOB Bangkok USD/meter
Inter-Spitzen	209	9	Date | MOQ | MCO | Article | Fabric name | Composition | Full Width | Useable Width | Weight | PFD/PFE
Inter-Spitzen	230	7	Customer | Article | Composition | Width cm (Full) | Usable Width | Weight | MOQ | MCQ | Price / M FOB as PFD
Inter-Spitzen	238	9	MOQ | Qty per color | Article | Fabric name | Composition | Full Width | Useable Width | Weight | All colors
Inter-Spitzen	255	9	MOQ | Qty per color | Article | Fabric name | Composition | Full Width | Useable Width | Weight | All colors
Inter-Spitzen	263	10	Date | MOQ | Qty per color | Article | Fabric name | Composition | Full Width | Useable Width | Weight | February 2022  PFD/PFE
Inter-Spitzen	271	10	Date | MOQ | Qty per color | Article | Fabric name | Composition | Full Width | Useable Width | Weight | PFD/PFE
Inter-Spitzen	279	10	Date | MOQ | Qty per color | Article | Fabric name | Composition | Full Width | Useable Width | Weight | PFE/PFD
Inter-Spitzen	284	3	Price : FOB Bangkok USD/meter | Price : FOB Bangkok USD/meter | Price : FOB Bangkok USD/meter
Inter-Spitzen	285	10	Date | MOQ | Qty per color | Article | Fabric name | Composition | Full Width | Useable Width | Weight | PFE/PFD
Inter-Spitzen	291	10	Date | MOQ | Qty per color | Article | Fabric name | Composition | Full Width | Useable Width | Weight | PFE/PFD
Inter-Spitzen	297	11	Date | MOQ | Qty per color | Article | Fabric name | Composition | Full Width | Useable Width | Weight | QTY | PFE/PFD
Inter-Spitzen	304	9	Date | MOQ | Article | Fabric name | Composition | Full Width | Useable Width | Weight | PFE/PFD
Inter-Spitzen	305	9	Date | MOQ | Article | Fabric name | Composition | Full Width | Useable Width | Weight | USD/ m
Inter-Spitzen	316	10	Date | MOQ | Qty per color | Article | Fabric name | Composition | Full Width | Useable Width | Weight | All colors
Inter-Spitzen	317	10	Date | MOQ | Qty per color | Article | Fabric name | Composition | Full Width | Useable Width | Weight | USD/ m
Inter-Spitzen	327	10	Date | MOQ | Qty per color | Article | Fabric name | Composition | Full Width | Useable Width | Weight | PFE/PFD
Inter-Spitzen	334	13	Date | MOQ | Qty per color | Article | Fabric name | Composition | Full Width | Useable Width | Weight | February 2022  PFD/PFE | June 2023  PFD/PFE | February 2025 PFD/PFE | February 2026 PFD/PFE
Itochu-Triumph	3	10	Date | Qty per color | Article | Fabric name | Composition | Full Width | Useable Width | Weight | PFE/PFD | All colors
Itochu-Triumph	10	10	Date | MOQ | Qty per color | Article | Fabric name | Composition | Full Width | Useable Width | Weight | All colors
Intimate Creations Bangladesh	3	6	Article | compositon | weight(gsm) | width(CM) | MOQ(M) | MCQ(M) | PRICE USD/M.
Kamcaine	3	11	Date | MOQ | Qty per color | Article | Fabric name | Composition | Full Width | Useable Width | Weight | PFE/PFD | All colors
Kyra Mode	1	10	MOQ | QTY per color | Article | Greige  (THB/KG) | greige (USD/KG) | PFE/PFD (THB/m) | PFE/PFD (USD/m) | All Colors (THB/m) | All Colors (USD/m) | Remark
Kyra Mode	4	4	255026 | B GRADE 125THB/m | B GRADE 125THB/m | B GRADE 125THB/m | B GRADE 125THB/m | new dyed & stock price / price for kyra quoted by K. Sivy by Email on 01.10.18
LCTT	15	9	Qty per color | Article | Fabric name | Composition | Full Width | Useable Width | Weight | PFD (USD/M.) | DYED all color(USD/M)
LCTT	22	9	Qty per color | Article | Fabric name | Composition | Full Width | Useable Width | Weight | PFD (USD/M.) | DYED all color(USD/M)
Liberty Vietnam	1	5	MOQ | QTY per color | Article | PFD/PFE (USD/m) | Remark
Liberty Vietnam	9	10	DATE | MOQ | Qty per color | Article | Fabric name | Composition | Useable Width | Weight | PFD | All colors
Liberty Vietnam	17	12	Date | MOQ | Qty per color | Article | Fabric name | Composition | Full Width | Useable Width | Weight | PFE/PFD | All colors | Remark
Lintas-HK	59	6	Qty per color | Article | Fabric name | Composition | Width | Weight | Black and white
Lintas-HK	65	6	Qty per color | Article | Fabric name | Composition | Width | Weight | Black and white
Libertytex	1	12	Article | Fabric name | Composition | Full Width (cm.) | Useable Width (cm.) | Weight (g/m2) | MOQ | Qty per color | PFE/PFD | All colors | Date | Customer | Remark
Libertytex	40	8	Customer | Article | Composition | Width | Usable width | Weight | MOQ | Price in PFD FOB Bkk | Remarks
Libertytex	51	8	Customer | Article | Composition | Width | Usable width | Weight | MOQ | Price for PFD FOB Bkk | Price for dyed FOB BKK
Manufacture	2	12	MOQ | Qty per color | Article | Fabric name | Composition | Full Width | Useable Width | Weight | PFE/PFD | All colors | PFE/PFD | All colors
Magic link	3	11	# | Article | Composition | Full Width | Useable Width | Weight | MOQ | MCQ | Unit price per meter (US$) / Tone color | Unit price per meter (US$) / Tone color | Unit price per meter (US$) / Tone color | Unit price per meter (US$) / Tone color | Price Validity
Magic link	4	6	# | Article | Composition | Full Width | Useable Width | Weight | (meter) | (meter) | White | Black/Dark | Light | Medium | Price Validity
Mas CaptialUnichela 255554 VS b	4	10	Date | Article | Fabric name | Composition | Full Width | Useable Width | Weight | MOQ | Qty per color | All colors
Mas CaptialUnichela 255554 VS b	5	6	Date | Article | Fabric name | Composition | ( CM. ) | ( CM. ) | ( G/M2) | ( METER ) | ( METER ) | USD/Meter
Mas IntimatesUnichela	92	7	Article number | Composition | Construction | Weight | Minimum Usable Width | Price USD/M | MOQ | MCQ | Lead time (With Greige ) | Lead Time (Without Greige) | Sample Availability(m/color) | Remarks
Mas IntimatesUnichela	97	3	254509 - Recycle Version | - need to development | Price USD/M | MOQ | MCQMMCQ | Lead time (With Greige ) | Lead Time (Without Greige) | Sample Availability(m/color) | Remarks
Mas IntimatesUnichela	109	9	MOQ | Qty per color | Article | Fabric name | Composition | Full Width | Useable Width | Weight | All colors
Mas IntimatesUnichela	131	9	MOQ | Qty per color | Article | Fabric name | Composition | Full Width | Useable Width | Weight | All colors
Mas IntimatesUnichela	138	9	MOQ | Qty per color | Article | Fabric name | Composition | Full Width | Useable Width | Weight | All colors
Mas IntimatesUnichela	144	9	MOQ | Qty per color | Article | Fabric name | Composition | Full Width | Useable Width | Weight | All colors
Mas IntimatesUnichela	149	9	MOQ | Qty per color | Article | Fabric name | Composition | Full Width | Useable Width | Weight | All colors | UDPATE
Mas IntimatesUnichela	157	7	Qty per color | Article | Fabric name | Composition | Useable Width | Weight | All colors  USD/ m
Mas IntimatesUnichela	164	8	MOQ | Qty per color | Article | Fabric name | Composition | Useable Width | Weight | All colors
Mas IntimatesUnichela	189	8	Qty per color | Article | Fabric name | Composition | Full Width | Useable Width | Weight | All colors  USD/ m
Mastex	6	6	Date | MOQ | Article | Yield | greige (THB/KG) | PFE/PFD (THB/m) | All colors
Mastex	31	9	MOQ | Qty per color | Article | Fabric name | Composition | Full Width | Useable Width | Weight | PFE/PFD (THB/m.)
Mastex	38	8	MOQ | Article | Fabric name | Composition | Full Width | Useable Width | Weight | Greige (THB/kg.)
Mastex	44	9	MOQ | Qty per color | Article | Fabric name | Composition | Full Width | Useable Width | Weight | PFE/PFD
Mastex	51	9	MOQ | Qty per color | Article | Fabric name | Composition | Full Width | Useable Width | Weight | PFE/PFD
Mastex	58	9	Date | MOQ | Article | Fabric name | Composition | Full Width | Useable Width | Weight | PFE/PFD
Mastex	64	9	Date | MOQ | Article | Fabric name | Composition | Full Width | Useable Width | Weight | PFE/PFD
Mastex	72	9	MOQ | Qty per color | Article | Fabric name | Composition | Full Width | Useable Width | Weight | PFE/PFD
Mastex	80	9	MOQ | Qty per color | Article | Fabric name | Composition | Full Width | Useable Width | Weight | PFE/PFD
Mastex	87	5	Date | MOQ | Article | PFE/PFD (THB/m) | Remark
Mastex	92	4	Date | MOQ | Article | PFE/PFD (THB/m)
Mastex	98	8	MOQ | Article | Fabric name | Composition | Full Width | Useable Width | Weight | PFE/PFD (THB/M)
Mastex	147	8	Qty per color | Article | Fabric name | Composition | Full Width | Useable Width | Weight | All colors
Mastex	154	5	Date | MOQ | Article | Yield | greige (THB/KG) | current greige (THB/KG)
Mastex	168	10	DATE | MOQ | Qty per color | Article | Fabric name | Composition | Full Width | Useable Width | Weight | PFE/PFD
Mastex	179	4	Article No. | Yarn | Composition : | PROPERTIES | Burst test | EMB test | MACHINE | Structure | Catalogy Group | Price range | Remark : Inform Mastex on 11.11.2024 | K. Sivy quoted on 12.11.2024
Mastex	180	4	Article No. | Yarn | Composition : | PROPERTIES | Burst test | EMB test | MACHINE | Structure | Catalogy Group | Price range | Remark : Inform Mastex on 11.11.2024 | K. Sivy quoted on 12.11.2024
Mastex	187	11	DATE | MOQ | Qty per color | Article | Fabric name | Composition | Full Width | Useable Width | Weight | PFE/PFD | All colors
Mastex	196	3	Date : 25th November 2024 | Date : 25th November 2024 | Date : 25th November 2024
Mastex	198	10	DATE | MOQ | Qty per color | Article | Fabric name | Composition | Full Width | Useable Width | Weight | PFE/PFD
Mastex	213	9	Date | MOQ | Article | Fabric name | Composition | Full Width | Useable Width | Weight | PFE/PFD (THB/M)
Mastex	229	9	Date | MOQ | Article | Fabric name | Composition | Full Width | Useable Width | Weight | PFE/PFD (THB/M)
Mastex	238	9	Date | Qty per color | Article | Fabric name | Composition | Full Width | Useable Width | Weight | All colors
Mastex	244	9	Date | MOQ | Article | Fabric name | Composition | Full Width | Useable Width | Weight | PFE/PFD (THB/M)
Mastex	251	9	Date | MOQ | Article | Fabric name | Composition | Full Width | Useable Width | Weight | All Color (THB/M)
Mizoroki	3	11	Date | MOQ | QTY per color | Article | Yield | greige (THB/KG) | greige (USD/KG) | PFE/PFD (THB/m) | PFE/PFD (USD/yard | All Colors (THB/m) | All Colors (USD/m) | Remark
MIRAE	2	12	DATE | ARTICLE # | Composition | Fabric name | Weight | Full Width | Useable Width | MOQ | Qty per color | USD FOB BKK / METER | USD FOB BKK / METER | REMARK
MIRAE	3	3	g/m2 | CM | CM | (Meter) | (Meter) | PFE/PFD | ALL COLOR
Milavitsa	5	7	Article | compositon | Full width(CM) | Usable withd(CM) | weight(gsm) | MOQ(M) | MCQ(M) | Price/M. | Price in EUro
Milavitsa	12	6	Article | compositon | Full width(CM) | weight(gsm) | MOQ(M) | MCQ(M) | Price/M.
Milavitsa	21	6	Article | compositon | Full width(CM) | Usable withd(CM) | weight(g/m2) | MOQ(M) | MCQ(M) | Price/M.
Milavitsa	36	7	Article | compositon | Full width(CM) | weight(gsm) | MOQ(M) | MCQ(M) | Price US/M. | Price EURO/M.
Milavitsa	44	6	Article | compositon | Full width(CM) | Usable withd(CM) | weight(gsm) | MOQ(M) | MCQ(M) | Price in EURO/M.
Milavitsa	51	6	Article | compositon | Full width(CM) | Usable withd(CM) | weight(gsm) | MOQ(M) | MCQ(M) | Price in EURO/M.
Nagao	3	4	Date | MOQ | QTY per color | PFD/PFE
NAYLIT	6	7	Date | MOQ | MCQ | Article | Composition | weight(g/m2) | width (cm) | All colors(not including UPF50+) THB/M. | UPF50+ finishing
NAYLIT	21	4	Date | MOQ | MCQ | Article | All colors(not including UPF50+) THB/M. | UPF50+ finishing
NAYLIT	39	8	CDR NR | Customer | Brand | Date | Composition | Naylit Info | Full Width | Cuttable Width | Weight | Yarn price | Remarks | Price/ yards
NAYLIT	45	8	CDR NR | Customer | Brand | Date | Composition | Naylit Info | Full Width | Cuttable Width | Weight | Yarn price | Remarks | Price/ yards
NAYLIT	53	9	NIKE IM | Customer | NAYLIT ITEM | Date | Eschler Article | Composition | Full Width | Cuttable Width | Weight | MOQ | MCQ | Remarks | Price/ yards
NAYLIT	61	9	PDR number | Customer | Date | Article number | Composition | Full Width | Cuttable width | MOQ | MCQ | Price / yards FOB | Remarks | Remarks
NAYLIT	96	6	Article | compositon | Full width(CM) | Useable widthCM) | weight(gsm) | MCQ(Y) | Price(Bahts)/Y.
NAYLIT	106	4	NIKE IM | Final Spec | G/M2 | MACHINE | Yarn | Remark | PRICE PER YARDS | REMARKS
Obsidian	7	9	MOQ | Qty per color | Article | Fabric name | Composition | Full Width | Useable Width | Weight | All colors
Obsidian	46	9	MOQ | Qty per color | Article | Fabric name | Composition | Full Width | Useable Width | Weight | All colors
Obsidian	56	10	MOQ | Qty per color | Article | Fabric name | Composition | Full Width | Useable Width | Weight | PFE/PFD | All colors
Obsidian	66	10	MOQ | Qty per color | Article | Fabric name | Composition | Full Width | Useable Width | Weight | PFE/PFD | All colors
Others	3	11	Date | MOQ | QTY per color | Article | Yield | greige (THB/KG) | greige (USD/KG) | PFE/PFD (THB/m) | PFE/PFD (USD/m) | All Colors (THB/m) | All Colors (USD/m) | Remark
P.B.S.E	5	10	MOQ | Qty per color | Article | Fabric name | Composition | Full Width | Useable Width | Weight | PFE/PFD | All colors
P.B.S.E	56	9	MOQ | Qty per color | Article | Fabric name | Composition | Full Width | Useable Width | Weight | All Colors
P.B.S.E	71	9	MOQ | Qty per color | Article | Fabric name | Composition | Full Width | Useable Width | Weight | All colors
P.B.S.E	80	9	MOQ | Qty per color | Article | Fabric name | Composition | Full Width | Useable Width | Weight | All colors
P.B.S.E	90	9	MOQ | Qty per color | Article | Fabric name | Composition | Full Width | Useable Width | Weight | All colors
PL Recycle fabric 11 Nov 2022	1	3	Price : FOB Bangkok USD/meter | Price : FOB Bangkok USD/meter | Price : FOB Bangkok USD/meter
PL Recycle fabric 11 Nov 2022	2	10	MOQ | Qty per color | Article | Fabric name | Composition | Full Width | Useable Width | Weight | PFE/PFD | All colors
Prima Lace	5	4	Article | Quality | THB/m. ex Vat | MOQ | Quality | THB/m. ex Vat | MCQ
Prima Lace	12	10	MOQ | Qty per color | Article | Fabric name | Composition | Full Width | Useable Width | Weight | PFE/PFD | All colors
Prima Lace	20	8	Qty per color | Article | Fabric name | Composition | Full Width | Useable Width | Weight | All colors
Prima Lace	30	8	MOQ | Article | Fabric name | Composition | Full Width | Useable Width | Weight | PFD/PFE
Prima Lace	38	3	Price: THB/meter for Prima Lace | Price: THB/meter for Prima Lace | Price: THB/meter for Prima Lace
Prima Lace	39	10	MOQ | Qty per color | Article | Fabric name | Composition | Full Width | Useable Width | Weight | PFE/PFD | All colors
Prima Lace	47	9	MOQ | Qty per color | Article | Fabric name | Composition | Full Width | Useable Width | Weight | PFE/PFD
Prima Lace	60	10	MOQ | Qty per color | Article | Fabric name | Composition | Full Width | Useable Width | Weight | PFE/PFD | All colors
PANACHE	5	7	Customer | Article | Composition | Width cm (CUT WIDTH) | Usable Width | Weight | MOQ | MCQ | Price for all colours (FOB)Bkk
PT Busanaremaja 	5	7	Article | compositon | Full width(CM) | Usable width(CM) | weight(gsm) | MOQ(M) | MCQ(M) | Price/M.
PT Busanaremaja 	10	9	MOQ | Qty per color | Article | Fabric name | Composition | Full Width | Useable Width | Weight | All colors
PT Busanaremaja 	17	3	MCQ (Minimum Color Quantity) | Width | Eschler article no. | Materinal No. | Triumph no. | Color | New FOB Bangkok Price USD/m.
PT Indonesia Wacoal 	2	4	PT.INDONESIA WACOAL / PRICE FOR 2022 | PT.INDONESIA WACOAL / PRICE FOR 2022 | PT.INDONESIA WACOAL / PRICE FOR 2022 | PT.INDONESIA WACOAL / PRICE FOR 2022
PT Indonesia Wacoal 	3	12	MOQ | Qty per color | Article | Fabric name | Composition | Full Width | Useable Width | Weight | PFE/PFD | All colors | PFE/PFD | All colors
PT Indonesia Wacoal 	10	3	Others : UPDATED ON 03/01/19 | Others : UPDATED ON 03/01/19 | Others : UPDATED ON 03/01/19
PT Indonesia Wacoal 	12	11	Date | MOQ | QTY per color | Article | Yield | greige (THB/KG) | greige (USD/KG) | PFE/PFD (THB/m) | PFE/PFD (USD/m) | All Colors (THB/m) | All Colors (USD/m) | Remark
PT Indonesia Wacoal 	31	7	ARTICLE | Composition | Fabric | weight (gsm) | width (CM) | MOQ/band(M) | MCQ/band(M) | Price/band( M.)
PT Indonesia Wacoal 	39	6	Article | compositon | Full width band (CM) | Usable withd(CM) | weight(gsm) | MOQ(M) | MCQ(M) | Price/M.
PT Indonesia Wacoal 	48	6	Article | compositon | Full width(CM) | Usable withd(CM) | weight(gsm) | MOQ(M) | MCQ(M) | Price/M.
PT. Kelwaram	3	11	Date | MOQ | QTY per color | Article | Yield | greige (THB/KG) | greige (USD/KG) | PFE/PFD (THB/m) | PFE/PFD (USD/yard | All Colors (THB/m) | All Colors (USD/m) | Remark
PT. Kelwaram	20	8	Qty per order | Article | Fabric name | Composition | Full Width | Useable Width | Weight | PFE/PFD
PT. Kelwaram	28	8	Qty per order | Article | Fabric name | Composition | Full Width | Useable Width | Weight | PFE/PFD
PT. Kelwaram	36	8	Qty per order | Article | Fabric name | Composition | Full Width | Useable Width | Weight | PFE/PFD
PT. Kelwaram	44	8	Qty per order | Article | Fabric name | Composition | Full Width | Useable Width | Weight | PFE/PFD
PT Mirae Asia Pasifix	2	9	MOQ | Qty per color | Article | Fabric name | Composition | Full Width | Useable Width | Weight | USD/ m
PT Mirae Asia Pasifix	15	3	Price : FOB Bangkok USD/meter | Price : FOB Bangkok USD/meter | Price : FOB Bangkok USD/meter
PT Mirae Asia Pasifix	16	6	Article | compositon | width(CM) | weight(gsm) | MOQ(M) | MCQ(M) | Price/M.
PT Mirae Asia Pasifix	31	3	Price : FOB Bangkok USD/meter | Price : FOB Bangkok USD/meter | Price : FOB Bangkok USD/meter
PT Mirae Asia Pasifix	32	6	Article | compositon | width(CM) | weight(gsm) | MOQ(M) | MCQ(M) | Price/M.
PT Mirae Asia Pasifix	41	3	Price : FOB Bangkok USD/meter | Price : FOB Bangkok USD/meter | Price : FOB Bangkok USD/meter
PT Mirae Asia Pasifix	42	6	Article | compositon | Full width(CM) | weight(gsm) | MOQ(M) | MCQ(M) | Price/M.
PT Mirae Asia Pasifix	49	3	Price : FOB Bangkok USD/meter | Price : FOB Bangkok USD/meter | Price : FOB Bangkok USD/meter
PT Mirae Asia Pasifix	50	6	Article | compositon | Full width(CM) | weight(gsm) | MOQ(M) | MCQ(M) | Price/M. | Under MCQ=300M charge+25%
PT Mirae Asia Pasifix	62	6	Article | composition | Full width(CM) | weight(gsm) | MOQ(M) | MCQ(M) | Price/M.(USD)
PT Mirae Asia Pasifix	70	7	Article | composition | Full width(CM) | Useable width(CM) | weight(gsm) | MOQ(M) | MCQ(M) | Price/M.(USD)
PT Mirae Asia Pasifix	88	3	Quality | Group | Product | Name | Width | Weight | color Type | 200 - 600M | 600 - 2000 M | 2000M over | Remarks
PT Mirae Asia Pasifix	103	7	DATE | Article | compositon | weight(gsm) | width full (CM) | YARN | MOQ(M) | MCQ(M) | PRICE USD/M.
PT Mirae Asia Pasifix	108	7	DATE | Article | compositon | weight(gsm) | width full (CM) | YARN | MOQ(M) | MCQ(M) | PRICE USD/M.
Quadrille Nishida	3	10	MOQ | Qty per color | Article | Fabric name | Composition | Full Width | Useable Width | Weight | PFE/PFD | All colors
Quadrille Nishida	11	9	MOQ | Qty per color | Article | Fabric name | Composition | Full Width | Useable Width | Weight | All colors
Rouge Gorge	3	3	Price Valid on 31th March 2025 | Price Valid on 31th March 2025 | Price Valid on 31th March 2025
Rouge Gorge	6	8	MOQ | Qty per color | Article | Fabric name | Composition | Full Width | Weight | All colors
Rouge Gorge	14	3	Price Valid on 31th March 2025 | Price Valid on 31th March 2025 | Price Valid on 31th March 2025
Rouge Gorge	17	8	MOQ | Qty per color | Article | Fabric name | Composition | Full Width | Weight | All colors
Rouge Gorge	24	12	Date | Article # | Compostion | Fabric name | Weight | Full Width | Useable Width | MOQ | Qty per color | USD FOB BKK / METER | USD FOB BKK / METER | Remark
Rouge Gorge	25	3	g/m2 | cm. | cm. | (meter) | (meter) | PFD/PFE | All color
Rovitex (New Price)	34	6	MCQ | Article | Fabric name | Composition | Width | Weight | PFE/PFD | White | Bright | Medium | Dark
Rovitex (New Price)	51	6	MCQ | Article | Fabric name | Composition | Width | Weight | PFE/PFD | White | Bright | Medium | Dark
Rovitex (New Price)	62	4	Price currency: | THB per meter excluded Vat 7% | THB per meter excluded Vat 7% | THB per meter excluded Vat 7%
Rovitex (New Price)	68	3	TT 30 days after invoice date | TT 30 days after invoice date | TT 30 days after invoice date
ROYAL U	7	6	Date | MOQ | Article | Yield | greige (THB/KG) | PFE/PFD (THB/m) | Remark
ROYAL U	18	4	Royal Universal Special Price THB/meter | Royal Universal Special Price THB/meter | Royal Universal Special Price THB/meter | Royal Universal Special Price THB/meter
ROYAL U	22	6	Date | MOQ | Article | Yield | previous greige (THB/KG) | current greige (THB/KG) | Remark
ROYAL U	34	8	Qty per color | Article | Fabric name | Composition | Full Width | Useable Width | Weight | All colors
ROYAL U	43	5	Date | MOQ | Article | Yield | greige (THB/KG) | PFE/PFD (THB/m)
ROYAL U	48	6	PRICE FOR RUL | PRICE FOR RUL | PRICE FOR RUL | PRICE FOR RUL | PRICE FOR RUL | PRICE FOR RUL
ROYAL U	50	4	Article | Greige | Yield | MOQ | PFD | MOQ | Color | MCQ
ROYAL U	87	8	Qty per color | Article | Fabric name | Composition | Full Width | Useable Width | Weight | PFE/PFD
ROYAL U	95	8	Qty per color | Article | Fabric name | Composition | Full Width | Useable Width | Weight | All colors
ROYAL U	108	10	MOQ | Qty per color | Article | Fabric name | Composition | Full Width | Useable Width | Weight | PFE/PFD | All colors
K.S. (Samy)	2	4	UNIT PRICE : THB/METER | UNIT PRICE : THB/METER | UNIT PRICE : THB/METER | UNIT PRICE : THB/METER
K.S. (Samy)	3	11	Date | Article | Fabric name | Composition | Full Width | Useable Width | Weight | MOQ | Qty per color | PFE/PFD | COLOR | COLOR | COLOR | REMARK
Scavi	1	3	Date : 14 July 2023  (Quotation date) | Date : 14 July 2023  (Quotation date) | Date : 14 July 2023  (Quotation date)
Scavi	7	8	Qty per color | Article | Fabric name | Composition | Full Width | Useable Width | Weight | All colors
Scavi	8	8	Qty per color | Article | Fabric name | Composition | Full Width | Useable Width | Weight | USD/ m
Setafil Thailand	3	7	Article | Fabric name | Composition | Full Width | Useable Width | Weight | Greige | PFD/PFE
Setafil Thailand	33	7	Article | Fabric name | Composition | Full Width | Useable Width | Weight | Greige | PFD/PFE
Setafil Thailand	52	7	Article | Fabric name | Composition | Full Width | Useable Width | Weight | Greige | PFD/PFE
Setafil Thailand	58	3	255080 | PES TULLE BUDGET | 100% PES (PLEATING) | 150-155 cm. | 145-150 cm. | 35 - 40 g/m2 | No offer | No offer | USD 3.30/M (FOB BANGKOK) | USD 3.30/M (FOB BANGKOK)
Setafil Thailand	91	3	100% PES | 255099 | PES TULLE | PFD | 20 (PFD stock only) on 30.06.2025 | 20 (PFD stock only) | 22 | K. Sivy quoted PFD THB 20/m. for PFD stock, give 5% discount on 27.03.2025, on 30.06.2025
SLD China	24	10	Date | MOQ | Qty per color | Article | Fabric name | Composition | Full Width | Useable Width | Weight | FOB Bangkok USD/meter
SLD China	25	10	Date | MOQ | Qty per color | Article | Fabric name | Composition | Full Width | Useable Width | Weight | PFE/PFD
SLD China	30	10	Date | MOQ | Qty per color | Article | Fabric name | Composition | Full Width | Useable Width | Weight | FOB Bangkok USD/kgs.
SLD China	31	9	Date | MOQ | Qty per color | Article | Fabric name | Composition | Full Width | Useable Width | Weight | Greige
special price for EMB customer	2	10	MOQ | Qty per color | Article | Fabric name | Composition | Full Width | Useable Width | Weight | PFD | All colours
special price for EMB customer	12	9	MOQ | Qty per color | Article | Fabric name | Composition | Full Width | Useable Width | Weight | PFD
STG	3	4	ETH price : THB Ex works | ETH price : THB Ex works | ETH price : THB Ex works | ETH price : THB Ex works
STG	15	3	Full width : 180cm | new art.S-204 LIMA | PFD | 36 | 35 | MOQ : 3,000M
STG	20	3	Full width : 158-163 cm | Tulle Torino | 254723 | PFD | 30 | 25 | MOQ 3000M
STG	89	4	Full width : 180cm | 254580 widter width | MARVIN | PFD | 36 | 34 | MOQ : 3,000M
STG	94	3	Full width : 157-162cm | Invisible | New art.S-102 | BELFAST | PFD | 28 | 26 | Update 29/05/2025
STG	109	3	100% PA | Invisible | 255484 wider width | INVISIBLE BRIGHT | PFD | 46 | 35 | MOQ ; 30,000M for full yarn set
STG	188	3	Full width : 155-160 cm | PFD | 76 | 68 | 60 | 52 | 51 | price offer : 5/5/2026
STG	203	5	86% PA, 14% ELASTANE | 255782AA/11 | NEMESIS TM Soft | Black | THB 110 / m for black = 3000 m. | THB 110 / m for black = 3000 m. | THB 110 / m for black = 3000 m. | THB 110 / m for black = 3000 m. | K.Sivy cfm price 29/10
STG	204	4	THB 105 / m for black = 6000 m. | THB 105 / m for black = 6000 m. | THB 105 / m for black = 6000 m. | THB 105 / m for black = 6000 m.
STG	205	4	THB 99 / m for black = 1,5000 m. | THB 99 / m for black = 1,5000 m. | THB 99 / m for black = 1,5000 m. | THB 99 / m for black = 1,5000 m.
STG	228	3	Full width : 173-183cm | New art.S-607 PHOENIX 180 | PFD | 85 | 29/10/2025 : keep same price
STG	264	3	Full width : 153-163 cm | PFD | 75 | 70 | Price offer 08.04.2024
STG	269	3	Fashion and fantasy fabric | Fantasy | 254949AA/11 | ELASTIC TULLE ESPRIT | PFD | MOQ =2000
STG	333	4	ETH price : THB Ex works | ETH price : THB Ex works | ETH price : THB Ex works | ETH price : THB Ex works
STG	406	4	ETH price : THB Ex works | ETH price : THB Ex works | ETH price : THB Ex works | ETH price : THB Ex works
STG	418	3	Full width : 140-150 cms | PFD | 91 | 83 | MOQ : 3000M
STG	433	3	Full width : 135-145cm | PFD | 127 | 120 | MOQ : 3000 M
Spiga	2	3	Customer number | ETH article | Yield (m/kg) | MOQ ( M) | USD / M
SUEDOECONOMIC	5	6	Article | compositon | Full width(CM) | Usable withd(CM) | weight(gsm) | MOQ(M) | MCQ(M) | Price/M.
Savage	7	8	MOQ | Qty per color | Article | Fabric name | Composition | Useable Width | Weight | All colors
Savage	8	8	MOQ | Qty per color | Article | Fabric name | Composition | Useable Width | Weight | USD/ m
Savage	13	8	MOQ | Qty per color | Article | Fabric name | Composition | Usable Width | Weight | All colors
Savage	14	8	MOQ | Qty per color | Article | Fabric name | Composition | Usable Width | Weight | USD/ m
Savage	20	8	MOQ | Qty per color | Article | Fabric name | Composition | Useable Width | Weight | All colors
Savage	21	8	MOQ | Qty per color | Article | Fabric name | Composition | Useable Width | Weight | USD/m
Savage	28	7	Qty per color | Article | Fabric name | Composition | Usable Width | Weight | All colour
Savage	47	9	MOQ | Qty per color | Article | Fabric name | Composition | Full Width | Useable Width | Weight | All colors
Savage	59	7	MOQ | Qty per color | Article | Fabric name | Composition | Useable Width | Weight | 10.12.2021 | 2021-2024 | Valid 1.4.2024 to 30.9.2024
Savage	60	10	MOQ | Qty per color | Article | Fabric name | Composition | Useable Width | Weight | All color (USD/M) | All color (USD/M) | All color (USD/M)
Savage	65	7	MOQ | Qty per color | Article | Fabric name | Composition | Usable Width | Weight | 10.12.2021 | 2021-2024 | Valid 1.4.2024 to 30.9.2024
Savage	66	10	MOQ | Qty per color | Article | Fabric name | Composition | Usable Width | Weight | All color (USD/M) | All color (USD/M) | All color (USD/M)
Savage	73	6	MOQ | MCQ | Article | Composition | Useable Width | Full width | Weight(g/m2) | FOB Bangkok/SEA | FOB Bangkok/SEA
Savage	74	8	MOQ | MCQ | Article | Composition | Useable Width | Full width | Weight(g/m2) | All color (USD/M) | All color (USD/Y)
Savage	79	6	MOQ | MCQ | Article | Composition | Useable Width | Full width | Weight(g/m2) | CIF by sea Semarang | CIF by sea Semarang | CIF by air Semarang | CIF by air Semarang
Savage	80	10	MOQ | MCQ | Article | Composition | Useable Width | Full width | Weight(g/m2) | All color (USD/M) | All color (USD/Y) | All color (USD/M) | All color (USD/Y)
Savage	81	4	3,500Y. | 550Y. | 257207BA/67 | 67%PA, 33% Elastane | 165-175 cm | 170-180 cm | 75-85 | 5.25 usd/m. | 4.8 usd/y | 5.60 usd/m | 5.12 usd/y
Savage	82	4	220 - 350Y. | 257207BA/67 | 67%PA, 33% Elastane | 165-175 cm | 170-180 cm | 75-85 | 6.89 usd/m | 6.30 usd/y | 7.51 usd/m | 6.87 usd/y
Savage	85	6	MOQ | MCQ | Article | Composition | Useable Width | Full width | Weight(g/m2) | CIF by sea Semarang/ Valid 9.10.25
Savage	86	7	MOQ | MCQ | Article | Composition | Useable Width | Full width | Weight(g/m2) | All color (USD/M)
Savage	94	6	MOQ | MCQ | Article | Composition | Useable Width | Full width | Weight(g/m2) | CIF by sea Semarang/ Valid 31.12.2025
Savage	95	7	MOQ | MCQ | Article | Composition | Useable Width | Full width | Weight(g/m2) | All color (USD/M)
Savage	102	6	MOQ | MCQ | Article | Composition | Useable Width | Full width | Weight(g/m2) | FOB Bangkok/SEA | FOB Bangkok/SEA
Savage	103	8	MOQ | MCQ | Article | Composition | Useable Width | Full width | Weight(g/m2) | All color (USD/M) | All color (USD/Y)
Savage	110	9	MOQ | Qty per color | Article | Composition | Useable Width | Weight | OLD PRICE | NEW PRICE START 15May2026 | UPDATE 26/5/2026 REVERT TO SAME PRICE
Savage	111	9	MOQ | Qty per color | Article | Composition | Useable Width | Weight | All color (USD/M) | All color (USD/M) | All color (USD/M)
Savage	117	8	MOQ | Qty per color | Article | Composition | Usable Width | Weight | Valid 30.4.2025 | NEW PRICE START 15May2026 | NEW PRICE UPDATE 26/5/2026
Savage	118	9	MOQ | Qty per color | Article | Composition | Usable Width | Weight | All color (USD/M) | All color (USD/M) | All color (USD/M)
Savage	124	8	MOQ | MCQ | Article | Composition | Useable Width | Full width | Weight(g/m2) | FOB Bangkok/SEA | NEW PRICE START 15May2026 | NEW PRICE UPDATE 26/5/2026
Savage	125	9	MOQ | MCQ | Article | Composition | Useable Width | Full width | Weight(g/m2) | All color (USD/M) | All color (USD/M) | All color (USD/M)
Savage	129	8	MOQ | MCQ | Article | Composition | Useable Width | Full width | Weight(g/m2) | FOB Bangkok/SEA | NEW PRICE START 15May2026 | NEW PRICE UPDATE 26/5/2026
Savage	130	9	MOQ | MCQ | Article | Composition | Useable Width | Full width | Weight(g/m2) | All color (USD/Y) | All color (USD/Y) | All color (USD/Y)
Thai Wacoal	2	9	PRICE LIST for Thai WACOAL | PRICE LIST for Thai WACOAL | PRICE LIST for Thai WACOAL | PRICE LIST for Thai WACOAL | PRICE LIST for Thai WACOAL | PRICE LIST for Thai WACOAL | PRICE LIST for Thai WACOAL | PRICE LIST for Thai WACOAL | Date : 13.12.2021
Thai Wacoal	3	9	MOQ | Qty per color | Article | Fabric name | Composition | Full Width | Useable Width | Weight | THB per meter for All colors
Triumph art. 254746	32	11	Qty per color | Article | Fabric name | Composition | Width | Weight | All colors | All colors | All colors | All colors | All colors
Triumph art. 254746	43	11	Qty per color | Article | Fabric name | Composition | Width | Weight | All colors | All colors | All colors | All colors | All colors
Triumph art. 254615 old until N	32	6	Qty per color | Article | Fabric name | Composition | Width | Weight | Black and white | Black and white | Black and white | Black and white | Black and white
Triumph art. 254615 old until N	36	6	Qty per color | Article | Fabric name | Composition | Width | Weight | Other colour | Other colour | Other colour | Other colour | Other colour
Triumph art. 254615 old until N	43	6	Qty per color | Article | Fabric name | Composition | Width | Weight | Black and white | Black and white | Black and white | Black and white | Black and white
Triumph art. 254615 old until N	47	6	Qty per color | Article | Fabric name | Composition | Width | Weight | Other colour | Other colour | Other colour | Other colour | Other colour
Triumph art. 254615 updated sta	5	3	MCQ (Minimum Color Quantity) | Width | Eschler article no. | Materinal No. | Triumph no. | Color | New FOB Bangkok Price USD/m.
Triumph-Busana254615 updated st	5	3	MCQ (Minimum Color Quantity) | Width | Eschler article no. | Materinal No. | Triumph no. | Color | New FOB Bangkok Price USD/m.
Triumph 254804	32	11	Qty per color | Article | Fabric name | Composition | Width | Weight | All colors | All colors | All colors | All colors | All colors
Triumph 254804	42	11	Qty per color | Article | Fabric name | Composition | Width | Weight | All colors | All colors | All colors | All colors | All colors
Triumph art. 255193	1	5	Material | SAP Mat. No. | Legacy GAF | Legacy GWF | Supplier Request | Supplier Quote | State | Supplier | Supplier Material Number | Design appendix | Quote Sizes | Colours | Buying Price RM | Quote Currency | Price Unit | Base Unit | Quantity | MOQ | MCQ | Bulk Leadtime in Working Days | Price Valid From Date | Comments
Triumph art. 255193	2	3	Eschler Thaiknit Co.,Ltd | 255193 | Teresa | Usable width 145cm | All colors expect Neon color | 4.67 | USD | 1 | M | 3,000 | 400 | 45  working days (if yarn is on stock) | 1/1/2017-31/12/2017 | Machine is not available until 30/5/2017
Triumph art. 255484AA.11	3	3	Price : FOB Bangkok USD/meter : Triumph | Price : FOB Bangkok USD/meter : Triumph | Price : FOB Bangkok USD/meter : Triumph
Triumph art. 255484AA.11	4	11	Date | MOQ | Qty per color | Article | Fabric name | Composition | Full Width | Useable Width | Weight | PFE/PFD | All colors
Triumph German price recycle 	7	7	Customer | Article | Composition | Width cm (Full) | Usable Width | Weight | MOQ | MCQ | Price / M FOB
Triumph-PT Busana (257066AA11)	16	8	ARTICLE # | Full width/ Edge to edge | Cuttable width | COLOR | COMPOSITION | PRICE | WEIGHT (G/ M2) | MCQ | MOQ | Surcharge under MCQ | Surcharge under MOQ
Triumph-PT Busana (257066AA11)	18	3	257066AA/11 | 140-150 cm | 135-145 cm | White & Black | 100% Recycled PA | USD 2.95/ m for White and Black colour | 40-45 g/m2 | 200 m | 5000 m | USD 250/ colour | -
Triumph-PT Busana (257066AA11)	44	4	Quotation valid | : | until 30th May 2023 | Shipment Tolerance (Qty) | Shipment Tolerance (Qty) | Shipment Tolerance (Qty) | Shipment Tolerance (Qty) | +/- 5%
TRIUMPH INDIA	5	6	Ref | Composition | GSM | Width | Price | MOQ | MCQ | Remarks
Triumph Hong Kong 257138AA23	3	10	DATE | Article | Fabric name | Composition | Full Width | Weight (g/m2) | MOQ (METER) | Qty per color (METER) | All colors | Remarks
Triumph Hong Kong 257138AA23	4	10	DATE | Article | Fabric name | Composition | Full Width | Weight (g/m2) | MOQ (METER) | Qty per color (METER) | USD/METERS | Remarks
Triumph RFQ	7	10	DATE | Article | Fabric name | Composition | Full Width | Usable Width | Weight (g/m2) | MOQ (METER) | Qty per color (METER) | All colors
Triumph RFQ	8	10	DATE | Article | Fabric name | Composition | Full Width | Usable Width | Weight (g/m2) | MOQ (METER) | Qty per color (METER) | USD/METER
Triumph RFQ	12	10	DATE | Article | Fabric name | Composition | Full Width | Usable Width | Weight (g/m2) | MOQ (METER) | Qty per color (METER) | All colors
Triumph RFQ	13	10	DATE | Article | Fabric name | Composition | Full Width | Usable Width | Weight (g/m2) | MOQ (METER) | Qty per color (METER) | USD/METER
Triumph RFQ	17	10	DATE | Article | Fabric name | Composition | Full Width | Usable Width | Weight (g/m2) | MOQ (METER) | Qty per color (METER) | All colors
Triumph RFQ	18	10	DATE | Article | Fabric name | Composition | Full Width | Usable Width | Weight (g/m2) | MOQ (METER) | Qty per color (METER) | USD/METER
Triumph RFQ	22	10	DATE | Article | Fabric name | Composition | Full Width | Usable Width | Weight (g/m2) | MOQ (METER) | Qty per color (METER) | All colors
Triumph RFQ	23	10	DATE | Article | Fabric name | Composition | Full Width | Usable Width | Weight (g/m2) | MOQ (METER) | Qty per color (METER) | USD/METER
Union	7	9	MOQ | Qty per color | Article | Union no. | Fabric name | Composition | Full Width | Useable Width | Weight | PFE/PFD
Union	13	9	MOQ | Qty per color | Article | Union no. | Fabric name | Composition | Full Width | Useable Width | Weight | PFE/PFD
Union	19	9	MOQ | Qty per color | Article | Union no. | Fabric name | Composition | Full Width | Useable Width | Weight | PFE/PFD
Union	25	9	MOQ | Qty per color | Article | Union no. | Fabric name | Composition | Full Width | Useable Width | Weight | PFE/PFD
Union	34	8	Qty per color | Article | Union no. | Fabric name | Composition | Full Width | Useable Width | Weight | PFE/PFD
Union	41	8	Qty per color | Article | Union no. | Fabric name | Composition | Full Width | Useable Width | Weight | PFE/PFD
Union	48	8	Qty per color | Article | Union no. | Fabric name | Composition | Full Width | Useable Width | Weight | PFE/PFD
Union	57	9	MOQ | Qty per color | Article | Fabric name | Composition | Full Width | Useable Width | Weight | PFE/PFD
Union	64	10	MOQ | Qty per color | Article | Fabric name | Composition | Full Width | Useable Width | Weight | PFE/PFD | All colors
Union	65	10	MOQ | Qty per color | Article | Fabric name | Composition | Full Width | Useable Width | Weight | USD/ m | USD/ m
Union	85	10	MOQ | Qty per color | Article | Fabric name | Composition | Full Width | Useable Width | Weight | PFE/PFD | All Colors
Union	96	9	MOQ | Qty per color | Article | Fabric name | Composition | Full Width | Useable Width | Weight | PFE/PFD
Union	110	3	Price : FOB Bangkok price USD/meter | Price : FOB Bangkok price USD/meter | Price : FOB Bangkok price USD/meter
Union	111	10	MOQ | Qty per color | Article | Fabric name | Composition | Full Width | Useable Width | Weight | PFE/PFD | All color
Union	122	10	MOQ | Qty per color | Article | Fabric name | Composition | Full Width | Useable Width | Weight | PFE/PFD | All Colors
Union	179	9	MOQ | Qty per color | Article | Fabric name | Composition | Full Width | Useable Width | Weight | PFE/PFD
Union	223	5	Date | MOQ | Article | FR ART. | Composition | TYPE | Term | USD Price
Union	229	8	Date | MOQ | QTY per color | Article | Yield | greige (THB/KG) | PFE/PFD (THB/m) | All Colors (THB/m) | Remark
Union	236	9	MOQ | Qty per color | Article | Fabric name | Composition | Full Width | Useable Width | Weight | PFE/PFD
Union	246	9	MOQ | Qty per color | Article | Union no. | Fabric name | Composition | Full Width | Useable Width | Weight | All colors
Union	253	10	MOQ | Qty per color | Article | Fabric name | Composition | Full Width | Useable Width | Weight | PFE/PFD | All colors
Union	260	11	Date | MOQ | Qty per color | Article | Fabric name | Composition | Full Width | Useable Width | Weight | PFE/PFD | All colors
Union	274	10	MOQ | Qty per color | Article | Fabric name | Composition | Full Width | Useable Width | Weight | PFE/PFD | All colors
Union	319	10	DATE | ARTICLE # | Composition | Weight | Full Width | Useable Width | MOQ | Qty per color | USD FOB BKK / METER | USD FOB BKK / METER
Union	320	3	g/m2 | CM | CM | (Meter) | (Meter) | PFE/PFD | PFE/PFD
Union	326	9	DATE | ARTICLE # | Composition | Weight | Full Width | Useable Width | MOQ | Qty per color | USD FOB BKK / METER
Universal Lingerie	2	5	Article | Current price | Target price | Qty per color | Qty last season | Estimate projection
UTAX	5	6	Article | compositon | Full width(CM) | Usable withd(CM) | weight(gsm) | MOQ(M) | MCQ(M) | Price/M.
UTAX	12	6	Article | compositon | Full width(CM) | Usable withd(CM) | weight(gsm) | MOQ(M) | MCQ(M) | Price/M.
UTAX	21	7	Article | compositon | Full width(CM) | Usable withd(CM) | weight(gsm) | MOQ(M) | MCQ(M) | Price in baht | REMARKS
UTAX	36	6	Article | compositon | Full width(CM) | weight(gsm) | MOQ(M) | MCQ(M) | Price in baht/M.
Wacoal America	2	8	PRICE LIST for Wacoal America | PRICE LIST for Wacoal America | PRICE LIST for Wacoal America | PRICE LIST for Wacoal America | PRICE LIST for Wacoal America | PRICE LIST for Wacoal America | PRICE LIST for Wacoal America | PRICE LIST for Wacoal America
Wacoal America	3	10	MOQ | Qty per color | Article | Fabric name | Composition | Full Width | Useable Width | Weight | PFE/PFD | ALL COLORS
VAN Huasen	9	7	Article | compositon | Full width(CM) | Usable Width | weight(gsm) | MOQ(M) | MCQ(M) | Price/M.
VAN Huasen	17	7	Article | compositon | Full width(CM) | Usable Width | weight(gsm) | MOQ(M) | MCQ(M) | Price/M.
WEDTEX	1	8	Date | MOQ | QTY | Article | greige (USD/KG) | PFE/PFD (USD/m) | All Colors (USD/m) | Remark
YEH Pattana	1	3	Supplier Item | YPT Item | MOQ & MCQ | Old price 2021 | Old greige 2021 | New Price
YEH Pattana	3	3	Supplier Item | YPT Item | MOQ & MCQ | Old price 2021 | price | 23/11/22
YEH Pattana	10	3	Supplier Item | YPT Item | MOQ & MCQ | Old price 2021 | New Price quoted on 26/7/22
YEH Pattana	20	9	MOQ | Qty per color | Article | Fabric name | Composition | Full Width | Useable Width | Weight | All colors
YEH Pattana	21	9	MOQ | Qty per color | Article | Fabric name | Composition | Full Width | Useable Width | Weight | THB/ m
YEH Pattana	30	9	MOQ | Qty per color | Article | Fabric name | Composition | Full Width | Useable Width | Weight | All colour
YEH Pattana	31	9	MOQ | Qty per color | Article | Fabric name | Composition | Full Width | Useable Width | Weight | THB/ m
YEH Pattana	44	10	MOQ | Qty per color | Article | Fabric name | Composition | Full Width | Useable Width | Weight | All colour | VALID | REMARK
YEH Pattana	45	10	MOQ | Qty per color | Article | Fabric name | Composition | Full Width | Useable Width | Weight | THB/ YDS | VALID | REMARK
YEH Pattana	51	10	Article | Fabric name | Composition | Full width | Usaable width | Weight | MOQ | MCQ | All color | DATE | REMARK
YEH Pattana	52	3	WUJ-2026AA/26 | Beauty FIT tm Softphilic | 81% Polyamide 19% Lycra | 150 cm. | 142-145 cm. | 195 g/m2 (+/-5%) | 3,000 meters | 500 meters | THB 175/meter | 9/2/2024 | Valid price : 3 months
YEH Pattana	57	10	Article | Fabric name | Composition | Full width | Usaable width | Weight | MOQ | MCQ | All color | DATE | REMARK
YEH Pattana	58	3	WUJ-2003AA/23 | MCF1356NY | 80% Polyamide 20% Lycra | 160 cm. | 197 g/m2 (+/-5%) | 3,000 meters | 500 meters | THB 185/meter | 9/2/2024 | Valid price : 3 months
YEH Pattana	64	11	Article | Fabric name | Composition | Full Width (cm.) | Useable Width (cm.) | Weight (g/m2) | MOQ | Qty per color | PFE/PFD | All colors | Date | Customer
YEH Pattana	71	11	Article | Fabric name | Composition | Full Width (cm.) | Useable Width (cm.) | Weight (g/m2) | MOQ | Qty per color | PFE/PFD | All colors | Date | Customer
YEH Pattana	78	11	Article | Fabric name | Composition | Full Width (cm.) | Useable Width (cm.) | Weight (g/m2) | MOQ | Qty per color | PFE/PFD | All colors | Date | Customer
YEH Pattana	87	11	Article | Fabric name | Composition | Full Width (cm.) | Useable Width (cm.) | Weight (g/m2) | MOQ | Qty per color | PFE/PFD | All colors | Date | Customer
YEH Pattana	94	11	Article | Fabric name | Composition | Full Width (cm.) | Useable Width (cm.) | Weight (g/m2) | MOQ | Qty per color | PFE/PFD | All colors | Date | Customer
YEH Pattana	101	11	DATE | Article | Fabric name | Composition | Full Width (cm.) | Usable Width (cm.) | Weight (g/m2) | MOQ | Qty per color | ALL COLOR | Remarks
YEH Pattana	102	11	DATE | Article | Fabric name | Composition | Full Width (cm.) | Usable Width (cm.) | Weight (g/m2) | MOQ | Qty per color | THB/YARD | Remarks
YEH Pattana	105	11	DATE | Article | Fabric name | Composition | Full Width (cm.) | Usable Width (cm.) | Weight (g/m2) | MOQ | Qty per color | ALL COLOR | Remarks
YEH Pattana	106	10	DATE | Article | Fabric name | Composition | Full Width (cm.) | Usable Width (cm.) | Weight (g/m2) | MOQ | THB/YARD | Remarks
YEH Pattana	109	11	DATE | Article | Fabric name | Composition | Full Width (cm.) | Usable Width (cm.) | Weight (g/m2) | MOQ | Qty per color | ALL COLOR | Remarks
YEH Pattana	110	10	DATE | Article | Fabric name | Composition | Full Width (cm.) | Usable Width (cm.) | Weight (g/m2) | MOQ | THB/YARD | Remarks
YEH Pattana	114	8	DATE | Article | Composition | Full Width (cm.) | Usable Width (cm.) | Weight (g/m2) | Color | MCQ | ALL COLOR | Remarks
YEH Pattana	115	8	DATE | Article | Composition | Full Width (cm.) | Usable Width (cm.) | Weight (g/m2) | Color | MCQ | THB/YARD | Remarks
YEH Pattana	120	7	DATE | Article | Composition | Full Width (cm.) | Usable Width (cm.) | Weight (g/m2) | Greige | Greige | Remarks
YEH Pattana	121	8	DATE | Article | Composition | Full Width (cm.) | Usable Width (cm.) | Weight (g/m2) | MOQ | Price
YEH Pattana	127	9	DATE | Article | Composition | Full Width (cm.) | Usable Width (cm.) | Weight (g/m2) | MOQ | MCQ | ALL COLOR | Remarks
YEH Pattana	128	9	DATE | Article | Composition | Full Width (cm.) | Usable Width (cm.) | Weight (g/m2) | MOQ | MCQ | THB/YARD | Remarks
YEH Pattana	133	7	DATE | Article | Composition | Full Width (cm.) | Usable Width (cm.) | Weight (g/m2) | Greige | Greige | Remarks
YEH Pattana	134	8	DATE | Article | Composition | Full Width (cm.) | Usable Width (cm.) | Weight (g/m2) | MOQ | Price
YEH Pattana	142	9	DATE | Article | Composition | Full Width (cm.) | Usable Width (cm.) | Weight (g/m2) | MOQ | MCQ | ALL COLOR | Remarks
YEH Pattana	143	9	DATE | Article | Composition | Full Width (cm.) | Usable Width (cm.) | Weight (g/m2) | MOQ | MCQ | THB/YARD | Remarks
YEH Pattana	148	7	DATE | Article | Composition | Full Width (cm.) | Usable Width (cm.) | Weight (g/m2) | Greige | Greige | Remarks
YEH Pattana	149	8	DATE | Article | Composition | Full Width (cm.) | Usable Width (cm.) | Weight (g/m2) | MOQ | Price
YEH Pattana	156	9	DATE | Article | Composition | Full Width (cm.) | Usable Width (cm.) | Weight (g/m2) | MOQ | MCQ | ALL COLOR | Remarks
YEH Pattana	157	9	DATE | Article | Composition | Full Width (cm.) | Usable Width (cm.) | Weight (g/m2) | MOQ | MCQ | THB/YARD | Remarks
YEH Pattana	166	4	DATE | Article | Composition | Greige | Greige | Remarks
YEH Pattana	167	5	DATE | Article | Composition | MOQ | Price
