sheet,source_row,col,cell_text
"CENTER PRICE USD for internal",236,13,"hydrophilic = surcharge US$0.50/m."
"CENTER PRICE USD for internal",241,13,"hydrophilic = surcharge US$0.50/m."
"CENTER PRICE USD for internal",246,13,"hydrophilic = surcharge US$0.50/m."
"CENTER PRICE USD for internal",869,4,"For neon color / super dark color,  there is surcharge USD 0.50/m. for every articles."
"CENTER PRICE USD for internal",873,4,"Photo sample 50-100 m. /color with USD 185/ colour surcharge.  No Labdip and No B/S for approval. No guarantee color and spec."
"CENTER PRICE USD for internal",874,4,"Photo sample 100-199 m. /color with USD 150/ colour surcharge. No L/D and No B/S for approval. No guarantee color and spec."
"CENTER PRICE USD for internal",883,4,"Anti-Yellowing for moulding (mouldable finish) USD0.50/m."
"CENTER PRICE USD for internal",884,4,"Hydrophilic finishing (absorption) surcharge USD0.50/m."
"CENTER PRICE USD for internal",885,4,"Antibacteria finishing surcharge USD1.00/m."
"CENTER PRICE THB",233,11,"hydrophilic = surcharge US$0.50/m."
"CENTER PRICE THB",238,11,"hydrophilic = surcharge US$0.50/m."
"CENTER PRICE THB",243,11,"hydrophilic = surcharge US$0.50/m."
"CENTER PRICE THB",868,10,"$ 1.90"
"CENTER PRICE THB",897,4,"For neon color / super dark color,  there is surcharge THB15 /m. for every articles."
"CENTER PRICE THB",901,4,"Photo sample 50-100 m. /color with USD 185/ colour surcharge.  No Labdip and No B/S for approval. No guarantee color and spec."
"CENTER PRICE THB",902,4,"Photo sample 100-199 m. /color with USD 150/ colour surcharge. No L/D and No B/S for approval. No guarantee color and spec."
"CENTER PRICE THB",910,4,"Anti-Yellowing for moulding (mouldable finish) THB15/m."
"CENTER PRICE THB",911,4,"Hydrophilic finishing (absorption) surcharge THB15/m."
"CENTER PRICE THB",912,4,"Antibacteria finishing surcharge THB30/m."
"Acundis",16,2,"Date : 8th December 2023 => requoted Date on 16th August 2024 to still keep USD1.50/m. for 2,000 m."
"Acundis",44,1,"K. Sivy informed K. Yeni to negotiate with Acundis to order art. 255484 PFD Shipment 4 x 5000 meters @FOB Bangkok USD1.45/m. on 29th February 2024"
"Acundis",115,12,"Color $3.80/m for Stock only"
"Acundis",131,10,"$8.00"
"ANITA_Thailand & Germany ",23,8,"USD4.93/m.  (150 m. quoted by K. Sivy on e-mail 30.05.18)"
"ANITA_Thailand & Germany ",61,8,"THB310/m. / US$9.68/m. FOB TH"
"ANITA_Thailand & Germany ",62,8,"THB280/m./ US$8.75/m. FOB TH"
"ANITA_Thailand & Germany ",63,8,"USD7.83/m. (150 m. quoted by K. Sivy on e-mail 30.05.18)"
"ANITA_Thailand & Germany ",68,8,"THB 318/m. / US$9.68/m. FOB"
"ANITA_Thailand & Germany ",69,8,"THB 288/m. / US$8.75/m. FOB"
"ANITA_Thailand & Germany ",74,8,"THB174/m."
"ANITA_Thailand & Germany ",74,9,"US$5.15/m. FOB TH"
"ANITA_Thailand & Germany ",77,8,"THB255/m. and USD7.75/m."
"ANITA_Thailand & Germany ",221,8,"Buy gregie from Gemma = THB 380/kg (yield 3.30g/m)"
"ANITA_Thailand & Germany ",226,8,"Buy gregie from Gemma = THB 138/kg (yield 4.60g/m)"
"ANITA_Thailand & Germany ",230,8,"Buy gregie from Gemma = THB 138/kg (yield 4.60g/m)"
"ANITA_Thailand & Germany ",233,8,"Buy gregie from Gemma = THB 138/kg (yield 4.60g/m) ** updated with Khun Best on 1.04.25 Khun Amorn confirmed remain same price"
"ANITA_Thailand & Germany ",250,15,"$ 2.80"
"ANITA_Thailand & Germany ",250,16,"THB 98"
"ANITA_Thailand & Germany ",251,15,"$ 2.35"
"ANITA_Thailand & Germany ",251,16,"THB 83"
"ANITA_Thailand & Germany ",252,15,"$ 2.25"
"ANITA_Thailand & Germany ",252,16,"THB 80"
"ANITA_Thailand & Germany ",253,16,"THB 90"
"ANITA_Thailand & Germany ",254,16,"THB 80"
"ANITA_Thailand & Germany ",261,8,"K.Sivy estimate price THB 150/m offer to Mr.Georg @meeting at Anita Thailand"
"ANITA_Thailand & Germany ",269,14,"THB 592.00"
"ANITA_Thailand & Germany ",272,14,"THB 662.00"
"ANITA_Thailand & Germany ",273,14,"USD 20.70"
"Aronne Faccio",39,2,"Photo sample 50-199 m. price is 3.77/ m /color with USD 150/ colour surcharge."
"Aronne Faccio",72,2,"Photo sample 50-199 m. price is 3.87/ m /color with USD 150/ colour surcharge."
"Biga Thailand ",44,16,"K.Sivy reduce price to be THB 480/kg (including TC  for only this order Triumph).  This based on normal yarn and only given special one time."
"Biga Thailand ",206,16,"Greige 205769 stock in B grade, K.Sivy confirmed discount 15% price is THB 765.-/kg."
"Biga Thailand ",253,16,"Update 6.10.2025 K.Sivy quoted for K.Wi(or customer AUBADE France) same price as 254824 = 85THB/M."
"Biga Thailand ",275,16,"PFD/PFE require 3,000 m. for price 35 thb/m. & quoted by K.Sivy by LINE on 22.06.21"
"Biga Thailand ",285,16,"K.Sivy confirmed price THB 52/m for this time (stock 2024)"
"Biga Thailand ",313,16,"all colors THB117/m. K. Sivy giave by e-mail on 26.05.17 to K. Muay"
"Biga Thailand ",352,16,"all colors THB162/m. with min. 300 m. K. Sivy giave by e-mail  on 28.06.17 to K. Muay"
"Biga Thailand ",444,16,"K.Sivy instruction Price remain THB 270 / kg."
"Biga Thailand ",445,16,"K.Sivy instruction Price remain THB 270 / kg."
"Biga Thailand ",497,16,"K.Sivy quoted 95฿ but bischoff order 800M charge price 25%"
"Biga Thailand ",511,12,"31 baht"
"Biga Thailand ",512,12,"32 baht"
"BIGA Lanka greige & PFD ",35,6,"Greige price :  THB 450.-/kg"
"BIGA Lanka greige & PFD ",36,6,"Greige price :  THB 360.-/kg"
"BIGA Lanka greige & PFD ",108,6,"THB 250/kg"
"BIGA Lanka greige & PFD ",117,8,"PFD THB 345/ kg"
"BIGA Lanka greige & PFD ",212,5,"Greige price  =298THB/KGS"
"BIGA Lanka greige & PFD ",213,5,"DYED/FOB BKK =3.95USD/M."
"BIGA Lanka greige & PFD ",214,5,"PFD price:95 THB/M"
"BIGA Lanka greige & PFD ",216,5,"Greige price  =220THB/KGS"
"BIGA Lanka greige & PFD ",217,5,"DYED /FOB BKK =3.80USD/M."
"BIGA Lanka greige & PFD ",218,5,"PFD price:84THB/M"
"BIGA Lanka greige & PFD ",220,5,"Greige price = 245THB/KGS"
"BIGA Lanka greige & PFD ",223,5,"Greige price = 230 THB/KGS"
"Chantasia_record",156,9,"Revised 28/2/22 --> $2.50"
"Chantasia_record",156,10,"Revised 28/2/22 --> $2.67"
"Chantasia_record",158,9,"Revised 28/2/22 --> $2.15"
"Chantasia_record",158,10,"Revised 28/2/22 --> $2.32"
"Chi Shing",8,1,"K. Nong gave special FOB Thailand price USD2.10/m. of art. 254555 to Chi Shing if they place order 1,000 m.+/col."
"Crystal Martin",15,11,"$ 8.35 (BASED ON MIN FULL WIDTH 170 CM)IF CONVERT TO 145CM EQUAL TO $ 7.12"
"Crystal Martin",15,12,"$ 9.65 (BASED ON MIN FULL WIDTH 170 CM) IF CONVERT TO 145 CM EQUAL TO $ 8.23"
"LIVY (ETAM)",21,1,"Special Surcharge : Invoice value under $1,500/shipment handling surcharge $100/shipment."
"Shenzhen Fidele Garments ",21,1,"Special Surcharge : Invoice value under $1,500/shipment handling surcharge $100/shipment."
"ZHOUNGSHAN (ETAM)",4,11,"$2.00"
"ZHOUNGSHAN (ETAM)",5,11,"$0.67"
"ZHOUNGSHAN (ETAM)",6,11,"$0.20"
"ZHOUNGSHAN (ETAM)",7,11,"$2.00"
"ZHOUNGSHAN (ETAM)",8,11,"$0.67"
"ZHOUNGSHAN (ETAM)",9,11,"$0.20"
"ZHOUNGSHAN (ETAM)",10,11,"$1.96"
"ZHOUNGSHAN (ETAM)",11,11,"$0.66"
"ZHOUNGSHAN (ETAM)",12,11,"$0.29"
"Fidelity",13,1,"But our quoted FOB Thailand price of art. 254615 in year 2015 is at attached QF#5334 that is one price for All colors @USD2.73/m. with qty. range 701-2,500 m."
"Fidelity",15,1,"Anyway, we can give you our best price @FOB Thailand USD2.65/m. based on 800 m. while we offer this best price to other customers based on over 1,000 m./col."
"Fidelity",29,1,"on 5/11/20 customer placed order 254615 White col. 500 m. (dyed new lot) & Black col. = 100 m. (old stock) and asked K. Sivy to give special FOB Thailand price USD2.65/m. to ship one time."
"Forster_FRSZ & SED",34,1,"Price : Forster Rohner (FOB Bangkok USD/m.) : K. Sivy review & kept quoted price USD1.03/m. for 254582AA/15 PFD = 3,000 m. of PO#JF240059 on 24.12.2024"
"Forster_FRSZ & SED",37,7,"MQO 2,000 m. PFD USD1.03/m."
"Forster_FRSZ & SED",43,4,"on 18/12/2023 K. Sivy quoted FOB BKK USD2.05/m. for 2,000-5,000 m. (same as Union)"
"Forster_FRSZ & SED",44,7,"MQO 5,000 m. PFD USD2.27/m."
"Forster_FRSZ & SED",68,12,"K. Sivy accepts this price USD2.15/m. from Forster same as Chief You order on16.01.2026."
"Forster_FRSZ & SED",75,8,"USD2.35/m."
"Gamma 28",21,5,"K. Sivy gave final price THB53.50/m. on 19.06.2025"
"Gamma 28",22,5,"to become the same price @THB58.50/m. for 200-599 m. & @THB55/m. for 600 m. up by K. Sivy talk at Asoke office on 08.07.2025"
"GLAMORISE",56,9,"*** Customer target price $0.95/yard"
"GLAMORISE",63,14,"$8.20 / m."
"GLAMORISE",66,14,"$5.45/m"
"GLAMORISE",70,3,"Greige price buy from Gemma THB 230/kg (K.Sivy by Line)"
"Hanes Global",56,9,"USD 1.15/m"
"Hanes Global",56,10,"USD 5.45/m"
"Hanes Global",57,9,"USD 1.15/m"
"Hanes Global",57,10,"USD 5.15/m"
"Hanes Global",59,9,"USD 1.15/m"
"Hanes Global",59,10,"USD 5.05/m"
"Hanes Global",66,9,"USD 6.90/ m Minimum 2,000 m/ design, 1,000 m/ colourway"
"Hanes Global",66,11,"USD 7.30/ m Minimum 2,000 m/ design, 1,000 m/ colourway"
"Hanes Global",68,9,"USD 6.78/ m Minimum 3,000 m/ design, 1,000 m/ colourway"
"Hanes Global",68,11,"USD 7.17/ m Minimum 3,000 m/ design, 1,000 m/ colourway"
"Hanes Global",85,4,"$4.00 to $5.00"
"Hanes Global",89,4,"$8.00 to $10.00"
"Hanes Global",93,4,"$5.00 to $6.00"
"Hanes Global",95,4,"$7.00 to $8.00"
"Hanes Global",99,4,"$3.00 to $5.00"
"Hanes Global",101,4,"$7.00 to $8.00"
"Hanes Global",102,4,"$5.00 to $6.00"
"Hanes Global",106,4,"$2.50 to $3.00"
"Hanes Global",108,4,"$5.00 to $6.00"
"Hanes Global",124,11,"200-600 m = USD 4.53/yd / colour"
"Hanes Global",125,11,"601-2,000 m = USD 4.20/ yd / colour"
"Hanes Global",126,11,"2001-5,000 m = USD 4.07/ yd/ colour"
"Hanes Global",136,10,"220-656 yd = USD 2.50/ yd"
"Hanes Global",137,10,"657 -2,187 yd = USD 2.10/ yd"
"Hanes Global",138,10,"2,188-5,468 yd = USD 1.92/ yd"
"Hanes Global",141,2,"USD 12.20/ m"
"Hanes Global",142,2,"USD 9.75/ m"
"Hanes Global",143,2,"USD 13.45/ m"
"Hanes Global",144,2,"USD 10.75/ m"
"Hanes Global",177,1,"Noted you prefer offer from Eschler. Please the attached picture for our best FOB prices per meter and yard. Prices are valid for 6 months. This is SUPIMA cotton warp knit. As you may know it is not the easiest and cheapest fabric to knit. Hope you can understand the difficulty to reach 3usd/m."
" Hanes Thailand-GMK fabric",1,1,"Gemma Knits Fabrics selected by Hanes Thailand quoted by K. Anand on 24.01.2024 with exchange rate THB34.00"
"Hop Lun",11,1,"on 9th April 2020 K. Sivy quoted under CIF Hong Kong by air of art. 255484 with qty. 600 m. is USD3.13/m. to add air freight cost USD0.40/m. (FOB BKK USD2.73 + air freight cost USD0.40/m.),"
"Hop Lun",98,1,"1. 200-600m. => add sea freight cost USD1.35/m. based on FOB Thailand price."
"Hop Lun",100,1,"2. 601-2,00m. => add sea freight cost USD0.50/m. based on FOB Thailand price."
"Hop Lun",102,1,"3. 2,001-5,000m. => add sea freight cost USD0.15/m. based on FOB Thailand price."
"Hop Lun",130,1,"1. Qty. 200 m. add freight cost USD1.75/m. based on FOB Thailand price."
"Hop Lun",132,1,"2. Qty. 400 m. add freight cost USD0.90/m. based on FOB Thailand price."
"Hop Lun",134,1,"3. Qty. 200 m. add freight cost USD0.60/m. based on FOB Thailand price."
"Hop Lun",145,1,"1. 200-600m. => add sea freight cost USD1.95/m. based on FOB Thailand price."
"Intimate, Univeral ",4,3,"$5.50"
"Intimate, Univeral ",5,3,"$5.15"
"Intimate, Univeral ",6,3,"$5.05"
"Intimate, Univeral ",7,3,"$7.45"
"Inter-Spitzen",48,11,"FOB BKK USD 1.90/ m. ( shipment : 1 time)."
"Inter-Spitzen",49,8,"1,000 m. = FOB BKK USD 2.40 /m."
"Inter-Spitzen",50,8,"2,000 m. = FOB BKK USD 2.25 /m."
"Inter-Spitzen",51,8,"5,000 m. = FOB BKK USD 2.10 /m."
"Inter-Spitzen",52,8,"10,000 m. = FOB BKK USD 1.90 /m."
"Inter-Spitzen",55,8,"1,000 m. = FOB BKK USD 2.50 /m."
"Inter-Spitzen",56,8,"2,000 m. = FOB BKK USD 2.35 /m."
"Inter-Spitzen",57,8,"5,000 m. = FOB BKK USD 2.20 /m."
"Inter-Spitzen",58,8,"10,000 m. = FOB BKK USD 2.00 /m."
"Inter-Spitzen",75,8,"$2.25/m."
"Inter-Spitzen",76,8,"$2.90/m."
"Inter-Spitzen",77,8,"$2.55/m."
"Inter-Spitzen",98,1,"Greige qty. 54 kg. (1,600 m.) Inter Spitzen PO#003059-1 : K. Sivy quoted FOB BKK USD35.55/kg. on 6th Dec 2024."
"Inter-Spitzen",99,1,"K. Sivy quoted FOB BKK USD1.80/m. for 254723AA/16 PFE on 09.10.2025 due to have greige available at stock."
"Inter-Spitzen",298,11,"$ 2.70/m"
"Inter-Spitzen",299,11,"$ 2.50 / m"
"Lintas-HK",13,1,"After checking with our Sales Director, in case you order qty. range 200-499 m. for Black and White colors @FOB Bangkok USD3.10/m. Please note."
"Lintas-HK",21,1,"Regarding our line, in case they place order less than MCQ 500 m., we quoted them qty. 200 m.- 499 m. @FOB Bangkok USD3.10/m. (after re-discussing with K. Yeni (USD2.65/m. + surcharge 15% => USD3.05/m.)."
"Lintas-HK",52,1,"Also please note that our FOB Bangkok USD2.65 m. for Black and White colors with MCQ 500 m."
"Lintas-HK",64,1,"on 5/11/20 customer placed order 254615 White col. 500 m. (dyed new lot) & Black col. = 100 m. (old stock) and asked K. Sivy to give special FOB Thailand price USD2.65/m. to ship one time."
"Magic link",12,3,"Invoice value under $1,500/shipment handling surcharge $100/shipment."
"Mas CaptialUnichela 255554 VS b",18,1,"Special Surcharge : Invoice value under $1,500/shipment handling surcharge $100/shipment."
"Mas IntimatesUnichela",56,6,"$ 5.00/m"
"Mas IntimatesUnichela",60,6,"$5.23/m"
"Mas IntimatesUnichela",61,6,"$4.67/m"
"Mas IntimatesUnichela",65,6,"$14.1/m."
"Mas IntimatesUnichela",66,6,"$13.5/m."
"Mas IntimatesUnichela",69,6,"$6.95/m"
"Mas IntimatesUnichela",179,1,"Noted you prefer offer from Eschler. Please the attached picture for our best FOB prices per meter and yard. Prices are valid for 6 months. This is SUPIMA cotton warp knit. As you may know it is not the easiest and cheapest fabric to knit. Hope you can understand the difficulty to reach 3usd/m."
"Mastex",181,10,"PFD price : $1.10 - $1.50/ Color price : $2.20 - $2.90"
"Mastex",181,11,"Interested to need Greige price 10,000 m.+   Color $2.40-3.00/m."
"Mastex",181,12,"Greige 10,000 m. yield 40 m./kg. = THB 920/kg."
"Mastex",183,10,"PFD price : $2.76 - $2.88/ Color price : $3.85 - $4.55"
"Mastex",183,11,"MQO 3,000 m. / MCQ 500 m. PFD price $3.00/m. & Color $3.90-4.00/m."
"Mizoroki",4,12,"PFD USD 1.95 / m. 2100 m."
"NAYLIT",40,13,"36 baht per yard plus 2.5 baht /yard for special col"
"NAYLIT",41,11,"Naylit yarn 60 baht/kg"
"NAYLIT",41,13,"37 baht per yard plus 2.5 baht per yard for special col"
"NAYLIT",46,13,"43 baht per yard plus 2.5 baht /yard for special col"
"NAYLIT",47,11,"Naylit yarn price 60 baht/kg"
"NAYLIT",47,13,"44 baht per yard plus 2.5 baht per yard for special col"
"NAYLIT",56,2,"*  LAST PRICE QUOTED 37 baht per YARDS.  Not passed the  target price 26 baht per yards."
"NAYLIT",62,13,"22.5 baht per yards for normal col and plus 2.5 baht per yard for special colour"
"NAYLIT",63,13,"34 baht per yard for normal colour and additional 3.7 baht per yard for special colour"
"NAYLIT",107,7,"23 BAHT for NORMAL COLOUR"
"NAYLIT",108,5,"75 Denier/ 36 Filament SD FDY (66THB/KG)"
"NAYLIT",108,7,"ADDITIONAL 2.5 BAHT for SPECIAL COLOUR è pls consider to reduce 2.00 THB/YD then price can confirm    Rework only could do 22.5 baht per yard the best for normal colour and additional 2.5 baht for special colour.    If would like to reach your target the price of the yarn should be on the ranges 53 – 55 baht per kg."
"NAYLIT",109,7,"34.5 BAHT for NORMAL COLOUR"
"NAYLIT",110,5,"100 Denier/ 36 Filament SD FDY  (70THB/KG)"
"NAYLIT",110,7,"ADDITIONAL 4.00 BAHT for SPECIAL COLOUR è pls consider to reduce 2.50 THB/YD then price can confirm   Rework only could do the best 34 baht for normal color and additional 3.70 baht for special colour.    If would like to reach your target price the price of the yarn should be on the ranges 58 – 60 baht pr kg."
"Prima Lace",23,1,"For Dyed color stock with A grade : THB55/meter"
"PT Indonesia Wacoal ",18,12,"> 1,500m. per color, special price is US$11.00/m"
"PT. Kelwaram",6,12,"PFD- $1.00/m dyed colour $1.35/m MOQ 5,000m , MCQ 500m per color."
"PT. Kelwaram",7,12,"PFD - $0.90/m dyed colour $1.25/m MOQ 5,000m , MCQ 500m per color."
"PT. Kelwaram",8,12,"PFD - $2.00/m, dyed $2.50/m MOQ 5,000m , MCQ 500m per color"
"ROYAL U",37,1,"For Dyed color stock with A grade : THB55/meter"
"ROYAL U",98,1,"For Dyed color stock with A grade : THB48/meter (THB44/yard)"
"ROYAL U",99,1,"For Dyed color stock with B grade : THB27/meter (THB25/yard)"
"ROYAL U",113,1,"For Dyed color stock with A grade : THB57/meter"
"K.S. (Samy)",5,14,"If the order value is less than 50,000 THB, delivery charges will be excluded."
"Setafil Thailand",58,10,"USD 3.30/M (FOB BANGKOK)"
"Setafil Thailand",82,12,"7.12.21 : Updated unit price, 12.02.2024 THB76/m. for 200 m. same as STG"
"Setafil Thailand",83,12,"25.03.24 : Updated unit price THB52/m. for qty. 1,000 m+ same as STG for PO#BE54143/OC#2400330."
"Setafil Thailand",84,12,"25.11.25 : Updated unit price THB52/m. for qty. 2,000 m+ as range qty. 3.000 m. for coming Oriental Zheng Cheng without 5% discount because of less than MOQ 3,000 m."
"Setafil Thailand",91,12,"K. Sivy quoted PFD THB 20/m. for PFD stock, give 5% discount on 27.03.2025, on 30.06.2025"
"Setafil Thailand",93,12,"for PO#BE55755 / OC#OC-2500462 = 400 m. @THB41.00/m. only for PFD stock, but no 5% discount quoted by K. Sivy on 29.042025"
"Setafil Thailand",96,12,"Black stock 150 m. @THB 50/m. on 10.05.2023"
"Setafil Thailand",106,12,"1,000 m. New PFD process K. Sivy gives THB30.00/m., no 5% discount on 13.01.2026"
"Setafil Thailand",123,12,"200 m. @THB 65/m. K. Sivy quoted 09.01.23"
"SLD China",13,6,"$14.50"
"SLD China",13,7,"$12.90"
"SLD China",20,6,"$30.25"
"SLD China",20,7,"$28.55"
"STG",203,6,"THB 110 / m for black = 3000 m."
"STG",204,6,"THB 105 / m for black = 6000 m."
"STG",205,6,"THB 99 / m for black = 1,5000 m."
"Savage",105,8,"5.17 usd/m (20% surcharge)"
"Timex",8,6,"$ 8"
"Timex",13,6,"$ 6.17"
"Triumph art. 254746",60,4,"USD185 per color (fix price) excluding courier charge / Color not 100% guarantee"
"Triumph art. 254615 old until N",40,1,"THE PREVIOUS PRICE USD 2.40 / m has been unchanged since 0.1.01.2006"
"Triumph art. 254615 old until N",52,1,"THE PREVIOUS PRICE USD 2.40 / m has been unchanged since 0.1.01.2006"
"Triumph art. 254615 updated sta",85,1,"Quantity 200 meters per color : Price US$ 2.55/m for all color."
"Triumph art. 254615 updated sta",86,1,"Quantity 600 meters per color : Price US$ 2.20/ m for all color"
"Triumph-Busana254615 updated st",85,1,"Quantity 200 meters per color : Price US$ 2.55/m for all color."
"Triumph-Busana254615 updated st",86,1,"Quantity 600 meters per color : Price US$ 2.20/ m for all color"
"Triumph 254804",60,4,"USD185 per color (fix price) excluding courier charge / Color not 100% guarantee"
"Triumph-PT Busana (257066AA11)",18,19,"USD 250/ colour"
"TRIUMPH INDIA",6,5,"$ 5.20/m"
"TRIUMPH INDIA",6,8,"The price for $ 5.20/m is as it is using Tactel, but in case changed tactel to nylon will be cheaper to be $ 4.10/m"
"TRIUMPH INDIA",7,5,"$ 2.80/m"
"TRIUMPH INDIA",8,5,"$ 2.50/m"
"TRIUMPH INDIA",9,5,"$ 3.90/m"
"Union",308,1,"Kindly confirm if we can use FOB Bangkok USD1.67/m. for this order or not."
"Universal Lingerie",3,2,"$5.50"
"Universal Lingerie",3,3,"$4.95"
"Universal Lingerie",4,2,"$5.15"
"Universal Lingerie",4,3,"$4.60"
"Universal Lingerie",5,2,"$5.05"
"Universal Lingerie",5,3,"$4.55"
"Universal Lingerie",6,2,"$7.45"
"Universal Lingerie",6,3,"$6.70"
"VAN Huasen",15,8,"$1.50"
"YEH Pattana",4,4,"THB 69/ yd"
"YEH Pattana",79,7,"Stock Greige can dye color about 800 yds = Special price THB 140/yds by take all complete gregie stock (but the color maybe suitable for Black and Dark color tone only )"
"YEH Pattana",103,10,"THB 150/YD"
"YEH Pattana",107,10,"THB 150/YD"
"YEH Pattana",118,9,"THB 50/YD"
"YEH Pattana",131,9,"THB 43/YD"
"YEH Pattana",146,9,"THB 64/YD"
"YEH Pattana",164,9,"THB 26.50/ yd"
